-- phpMyAdmin SQL Dump
-- version 5.2.2
-- https://www.phpmyadmin.net/
--
-- 主机： localhost
-- 生成日期： 2025-05-27 10:35:52
-- 服务器版本： 8.0.35
-- PHP 版本： 8.2.28

SET SQL_MODE = "NO_AUTO_VALUE_ON_ZERO";
START TRANSACTION;
SET time_zone = "+00:00";


/*!40101 SET @OLD_CHARACTER_SET_CLIENT=@@CHARACTER_SET_CLIENT */;
/*!40101 SET @OLD_CHARACTER_SET_RESULTS=@@CHARACTER_SET_RESULTS */;
/*!40101 SET @OLD_COLLATION_CONNECTION=@@COLLATION_CONNECTION */;
/*!40101 SET NAMES utf8mb4 */;

--
-- 数据库： `workout_app`
--

-- --------------------------------------------------------

--
-- 表的结构 `ai_advice`
--

CREATE TABLE `ai_advice` (
  `id` int NOT NULL,
  `user_id` int DEFAULT NULL,
  `advice_content` text CHARACTER SET utf8mb4 COLLATE utf8mb4_0900_ai_ci COMMENT '建议内容',
  `category` varchar(50) CHARACTER SET utf8mb4 COLLATE utf8mb4_0900_ai_ci DEFAULT NULL COMMENT '类别（训练/恢复/营养等）'
) ENGINE=InnoDB DEFAULT CHARSET=utf8mb4 COLLATE=utf8mb4_0900_ai_ci ROW_FORMAT=DYNAMIC;

--
-- 转存表中的数据 `ai_advice`
--

INSERT INTO `ai_advice` (`id`, `user_id`, `advice_content`, `category`) VALUES
(1, 2, '应用这里生活销售法律地方.一次搜索经验包括.', '营养'),
(2, 2, '选择标准重要结果其实应用.不过知道音乐一种知道什么.', '装备'),
(3, 3, '系统开发具有.大学开始资源或者投资但是.历史一起加入你的.', '训练'),
(4, 3, '信息这样组织成为深圳.', '营养'),
(5, 3, '同时应该不断不能网络等级.目前个人事情只有学校可是决定产品.系列但是如果.国际可能一般方法信息.', '心态'),
(6, 3, '支持有些最后深圳而且销售只是.系列状态还是这里全部一次能力.不是当前一种控制最后不同.', '训练'),
(7, 4, '有些那么主题有限一点注册浏览.其实注册一个一次没有关系.所有具有设备深圳看到而且.', '营养'),
(8, 4, '实现主题说明标准发现工程软件.社会很多加入个人可是.可是帖子首页法律.', '营养'),
(9, 4, '你们发展希望你的完全帮助工具关于.系列介绍工作所以.', '恢复'),
(10, 4, '继续深圳精华最后增加就是深圳.记者其实还是之间怎么.要求应用积分这种相关女人.', '装备'),
(11, 5, '社会加入提高.国内注意参加电话学校.', '心态'),
(12, 5, '人民希望系列重要应用游戏.处理处理作者时间如此等级.下载会员操作或者的是增加.', '营养'),
(13, 5, '评论那些大小环境她的手机工作任何.程序人民广告有些设计免费.', '装备'),
(14, 5, '活动在线之间信息还是.音乐免费方式如何环境如果谢谢公司.', '恢复'),
(15, 5, '那个当然以上.影响是否到了网络.合作会员网上登录广告.作品当前各种各种.', '训练'),
(16, 6, '报告具有首页我的.不会方法起来直接任何.', '装备'),
(17, 6, '通过不是关系中心您的.免费发展也是的是.积分状态生产感觉下载.', '装备'),
(18, 6, '朋友城市那个下载工具个人控制原因.觉得两个说明男人中国文章.解决不是内容地区不断文章你的.', '装备'),
(19, 6, '处理合作自己名称活动当然.空间地址最大虽然在线大小.发布应该拥有地址.', '训练'),
(20, 7, '看到控制表示控制分析由于.今年部分人员政府最新.', '心态'),
(21, 7, '大家电话完全中文生产威望.精华你的这种世界有限.报告中国方法发生评论点击.', '心态'),
(22, 7, '他们点击的是环境程序.深圳系统运行.', '训练'),
(23, 7, '准备我的基本资料发布.应该当然来自教育.分析相关的是注意浏览显示.参加实现信息经验.', '装备'),
(24, 8, '他们精华空间标题学习.之间中国有限.', '训练'),
(25, 8, '销售有限专业所以公司建设.在线阅读名称不断计划客户工作活动.上海关系重要资源就是以上.', '心态'),
(26, 8, '他们其他选择有些不能必须专业.文章他的中文任何空间工程功能.质量中国一次市场同时.', '训练'),
(27, 8, '城市一点工程游戏商品政府政府.帮助直接积分工程来源登录加入希望.', '训练'),
(28, 9, '知道一直这是必须.', '训练'),
(29, 10, '世界根据什么详细中文通过.阅读影响无法如何关于.', '训练'),
(30, 10, '但是应该这么过程成功.政府一下出来继续如此生活如何.', '恢复'),
(31, 10, '功能规定软件问题经验这个.处理为什手机怎么语言东西没有.行业一切企业喜欢经验那么.', '恢复'),
(32, 10, '只有数据报告学习出现.计划继续研究两个质量加入能力.', '心态'),
(33, 10, '时候责任评论现在不断这种.详细公司以上以后.是一积分发展开发管理为了电话.', '训练'),
(34, 11, '就是标准商品那些.所以也是正在业务.点击这些手机价格电脑美国学校.', '心态'),
(35, 11, '回复得到成为以后.', '心态'),
(36, 11, '只有到了控制孩子商品包括.提供下载其他进行管理免费其他.', '心态'),
(37, 11, '音乐各种更新中心.现在谢谢一下主题社会是一工程影响.其实标准北京那些只是汽车.', '心态'),
(38, 12, '认为城市非常一定当前软件.如果手机方面规定大学.影响发布之后这是.', '心态'),
(39, 12, '喜欢工程登录等级销售以及.进行这个支持具有信息价格必须的人.', '装备'),
(40, 12, '汽车自己今天以后非常主题状态.一般比较地方合作可能有些.必须结果这里全国文件.', '恢复'),
(41, 12, '手机企业日本当然.支持首页日本日期完全自己国际.', '训练'),
(42, 12, '责任系统认为生活专业包括.项目推荐而且时候显示对于.作品开发设计进入.', '心态'),
(43, 13, '经营关系注意一样你的.资料文件一般电脑设备出现.软件相关一种评论这个.知道新闻投资生产来自.', '心态'),
(44, 13, '提供帖子可能历史美国孩子拥有.如此欢迎资料一样.一个学习基本.', '装备'),
(45, 13, '部门进入规定美国发现研究.活动今天要求以上是一我的发现.登录一下希望朋友.一般点击工具.', '心态'),
(46, 14, '发展销售这些部门状态.电子很多工作数据政府准备.历史投资社区.', '恢复'),
(47, 14, '发表开始两个她的地址应该东西.留言的人原因完成.', '营养'),
(48, 14, '我们看到科技空间.', '心态'),
(49, 14, '我的可以谢谢完成学校.简介个人时候他的汽车作者.那些但是经营广告.', '装备'),
(50, 14, '图片音乐感觉需要直接感觉这些.', '装备'),
(51, 15, '搜索但是控制责任.个人所以生活全部以及.', '心态'),
(52, 15, '科技发现不同特别产品.方法具有开发位置怎么帮助.简介免费非常生产由于希望.设计表示进行行业.', '营养'),
(53, 15, '由于要求得到感觉.次数图片时间.出来网上拥有不过无法国家.以后任何进行方法客户原因.', '训练'),
(54, 15, '以后的人管理上海.一样城市这个以及当然其中.', '恢复'),
(55, 15, '研究之后东西这样更新选择.认为文化一定投资特别部门客户.作为目前只有不断密码.', '恢复'),
(56, 16, '一般汽车目前发现.', '心态'),
(57, 16, '就是要求规定您的时间.名称这么来源论坛具有全国不是查看.', '营养'),
(58, 17, '全部决定没有全部不会基本.一起觉得网络包括管理内容使用.', '营养'),
(59, 17, '欢迎帮助然后处理当然技术大学不同.显示只有浏览现在成为发表非常.', '恢复'),
(60, 18, '目前基本认为空间.当然学校到了.增加这里服务游戏以及准备.', '恢复'),
(61, 18, '名称为了可能社会客户图片.', '恢复'),
(62, 18, '说明他的朋友的话具有部分美国的是.今天相关图片学习.', '训练'),
(63, 18, '回复看到质量然后那些包括.非常语言控制不是电话中心电子.', '装备'),
(64, 18, '一切专业不能看到国家只有.投资使用准备出现.一下包括结果一直操作东西.', '营养'),
(65, 19, '国际自己出来影响还是而且企业.参加文化制作但是这里今年然后.广告活动朋友继续一直来源发现.东西其中具有显示手机网络一样.', '装备'),
(66, 19, '主要运行通过一定无法.如何方法质量单位等级这种你们.系统时间由于上海他的.', '装备'),
(67, 19, '个人地方喜欢大家不会东西可以.必须最大帮助完成支持国内主题.方式为什个人感觉电子.', '装备'),
(68, 20, '电话很多因为来自学习.资料电影点击中国男人免费方面.', '营养'),
(69, 21, '这么那些北京数据知道程序.准备更新作为选择.状态学校网站工作不过任何威望.', '装备'),
(70, 21, '东西增加工程增加销售地址说明.浏览人民精华本站.', '营养'),
(71, 21, '无法环境一起在线政府相关科技系统.最后首页中心.', '训练'),
(72, 21, '美国最后本站经营介绍以及.设备客户影响工作学习城市.', '恢复'),
(73, 21, '不会朋友关系位置.服务起来支持认为一次.全部在线进入可能图片目前参加.', '心态'),
(74, 22, '为什网上还有需要社会必须人员.然后你们经验一起数据朋友.个人帖子发展技术他的其实.', '心态'),
(75, 23, '简介专业不要积分因此.问题发生两个一起位置.', '装备'),
(76, 23, '的人对于而且查看游戏.作者全部所以用户.学习没有发生活动人员.', '装备'),
(77, 23, '起来那些比较来自.您的美国在线需要国内.', '装备'),
(78, 23, '人民销售认为表示.到了虽然怎么一点作者部分开始.', '心态'),
(79, 23, '得到一定如何程序.一下原因不断过程.', '营养'),
(80, 24, '不能销售为了标题.问题原因应该网站.无法你们比较.', '心态'),
(81, 24, '的人这是问题全国喜欢.她的精华管理社区.过程网站觉得控制.', '训练'),
(82, 24, '特别活动建设重要中国同时.以上都是根据国内提高.两个您的单位她的.', '恢复'),
(83, 24, '电影的是经验他们.中心人民中文已经.应用人民开发这个只要成功企业软件.', '心态'),
(84, 25, '全国包括因此日期标准地区投资.一定还是那些一次美国北京中心.', '恢复'),
(85, 25, '相关特别记者北京以上数据.经营类别认为个人.她的项目类别.正在不要增加最大社会计划游戏.', '训练'),
(86, 25, '不同之后本站大小我的影响.情况以下研究支持.电子报告作者网上个人同时注意.', '训练'),
(87, 26, '女人经济威望帖子地区资料感觉.成功成功提供注意还是.中心品牌程序包括你的制作不能然后.', '心态'),
(88, 26, '工具得到部分管理世界只是怎么处理.国内社区汽车国内自己信息威望.', '营养'),
(89, 26, '一种帖子当然回复男人.组织发布中文可是朋友因为所以.', '训练'),
(90, 27, '能力系统包括不同当前注册.说明开始这里环境到了.', '营养'),
(91, 27, '建设这样具有空间.只要比较完全国际.', '心态'),
(92, 28, '人民详细服务类别广告.作品广告手机以下社区.', '营养'),
(93, 28, '日期名称也是.程序一般资料拥有可是.', '营养'),
(94, 28, '国家城市标准人民等级系列孩子.包括电话信息只要中国因此.', '心态'),
(95, 29, '这样由于软件全部程序那个无法.那些手机其中阅读历史最大资料提供.什么组织你的企业.', '营养'),
(96, 30, '次数这里操作使用提供比较支持如何.他们教育起来可以本站行业根据来自.投资状态已经学生那么.', '恢复'),
(97, 30, '资料方式支持游戏.建设任何只要信息.应该管理只是专业科技.继续回复今天作品学校研究.', '训练'),
(98, 30, '相关不要产品支持拥有到了.等级已经所以提高业务之后.', '装备'),
(99, 30, '选择来自方法认为我的.怎么精华在线网上.', '恢复'),
(100, 30, '图片来源空间功能类型.', '装备'),
(101, 31, '人民开发包括中国之间一样音乐.分析控制数据实现.', '恢复'),
(102, 31, '建设详细论坛价格只有.无法客户网上包括.地址解决谢谢工作.国际特别自己业务.', '恢复'),
(103, 31, '或者建设由于管理科技新闻城市.部分公司影响组织分析社区希望.', '心态'),
(104, 31, '需要空间要求希望增加.一切工具包括.工具汽车可以今年.', '心态'),
(105, 32, '地址用户作者因此人民继续继续.大家得到应该.各种系列不断不同知道企业.', '心态'),
(106, 32, '最大标准非常.如此应用如果电影参加.记者美国发布电话.很多一些科技因为地址.', '装备'),
(107, 32, '现在这里处理同时点击如果行业.', '装备'),
(108, 32, '作品任何开发到了.控制社区成为选择研究时间最后.回复控制信息密码为了.一定投资支持来源发表关于地区.', '训练'),
(109, 32, '研究一起喜欢孩子管理.文章发生作品报告.时候最大音乐日期孩子要求.', '训练'),
(110, 33, '谢谢标准自己之间只是名称功能作者.美国今天所有只是如此以及.还有那些手机看到广告谢谢出现.科技谢谢网站对于准备大小.', '恢复'),
(111, 33, '提供方面地址工作网站.工具法律科技学习帖子电影不是技术.非常那个不过系统提高拥有不过.', '心态'),
(112, 33, '程序类型两个结果我的自己.浏览显示业务但是可能是一到了法律.同时以及规定网上.', '装备'),
(113, 34, '安全设备合作.类别包括发布比较首页控制查看.', '装备'),
(114, 35, '得到专业主要有限因此价格.', '营养'),
(115, 35, '虽然任何详细.目前网络电脑.社区出现品牌国际.', '恢复'),
(116, 36, '会员制作一起一定继续.之后内容现在.', '训练'),
(117, 36, '建设希望需要所有还有.建设当前主要内容历史很多他们.', '营养'),
(118, 37, '这种什么品牌查看一下.东西解决关于工程.文件使用组织决定.', '心态'),
(119, 37, '一样关系不会这样网络要求业务.帖子社会主要很多.需要语言所以加入资源但是搜索.来自以上出现的话.', '营养'),
(120, 37, '最大无法更多你的.发生为了一个事情以及基本.', '恢复'),
(121, 37, '他的原因也是阅读.发现制作开始来自处理美国日本生产.其实技术报告以上.', '恢复'),
(122, 37, '还是系列关系首页帮助.特别网站公司本站.公司显示系统手机制作国家.', '心态'),
(123, 38, '合作有些任何密码更多如此.', '装备'),
(124, 38, '必须如何游戏这些影响登录.拥有无法那么为了项目.成功最后解决浏览电脑其实最大显示.', '恢复'),
(125, 38, '之间而且世界一定.位置分析不过这样文化报告.', '营养'),
(126, 38, '手机不要成功运行提供.提供不要认为经验主要深圳.推荐对于决定业务需要加入但是生产.', '训练'),
(127, 38, '而且社区在线任何商品加入社区人员.建设事情方式当前要求中国.计划因此这个类型.', '心态'),
(128, 39, '状态什么对于作为人员是否环境.谢谢汽车这么增加是否阅读.这里是一有些联系政府方法谢谢.包括现在等级空间.', '营养'),
(129, 40, '参加会员运行.历史这么出现其实城市.', '营养'),
(130, 40, '点击国家等级公司这里.可能发展事情电话其他没有人民.时候的是最大精华基本.', '装备'),
(131, 41, '需要一点有些今天当前.部门本站来自人员密码一般.', '营养'),
(132, 41, '经验这样标准其他记者当然.图片浏览方面支持.', '训练'),
(133, 41, '感觉之间报告搜索显示发布.只有这些地址提高都是有关经营.广告名称的话这个觉得应用.最大以及情况就是回复服务项目.', '心态'),
(134, 42, '之后国家男人能力提供公司而且.非常已经资料也是电子.欢迎比较一切中文.', '训练'),
(135, 43, '为什今年也是.名称日本语言不要本站回复时候来自.由于有限来源如何.', '营养'),
(136, 43, '因为最大提高这种个人所有.的话内容出来品牌作品社会.能力所以在线经济.', '训练'),
(137, 43, '查看出来地区具有论坛空间.文件这里学校文件游戏对于.北京一定重要觉得历史.', '营养'),
(138, 43, '可是任何城市必须.控制控制地址投资只是.自己觉得正在直接进行部分能力介绍.', '恢复'),
(139, 44, '其中完成虽然孩子价格时间您的感觉.投资新闻增加作品通过一切我们.', '恢复'),
(140, 45, '非常不能觉得朋友不同.音乐都是一直出来.显示品牌运行不要以后.', '恢复'),
(141, 45, '准备大家图片可能.这么目前是一根据表示.根据市场结果特别通过名称.', '营养'),
(142, 45, '下载显示类别你们分析.以上一直方法方面一般工具.', '营养'),
(143, 46, '的是而且历史两个产品加入她的.', '训练'),
(144, 46, '应该进行发布环境.提高有些当前政府的话单位查看.程序这里感觉一个.', '装备'),
(145, 46, '问题一个上海操作.显示的话所以.', '营养'),
(146, 46, '大家人员新闻类别他的支持.产品本站提高部分.组织公司所有功能比较起来.', '心态'),
(147, 47, '一切一般需要一次.个人不要因此表示科技.科技特别可是服务操作注意.', '训练'),
(148, 48, '这个地区进行有关本站世界能力以后.一些处理简介成功.教育那个自己社区生活网上.', '装备'),
(149, 48, '系统一直他们这些市场更多更多.当前这里法律大家.简介手机帖子内容男人虽然他们.', '营养'),
(150, 49, '内容关系详细没有专业游戏.希望投资男人事情专业然后.', '装备'),
(151, 49, '空间但是直接那个设备生活.学校其实电话投资.那么他的准备广告的话不会国内.之间但是计划今天准备那些欢迎.', '心态'),
(152, 49, '影响只要工程加入.', '训练'),
(153, 49, '但是中国喜欢完成.而且他的提高状态.而且更多一下那些解决简介.方法社会可能阅读能力解决销售.', '训练'),
(154, 49, '到了事情提供参加或者设计得到我们.教育国际都是次数.', '训练'),
(155, 50, '是一提高全国其中影响公司.您的帖子登录出现次数电话销售还是.开发有些这样来自单位行业.', '营养'),
(156, 50, '结果空间各种问题只有.发现生产客户人员语言解决使用.', '营养'),
(157, 50, '谢谢大小生产不能.基本游戏只是他的产品时候不同.', '装备'),
(158, 50, '一种时候看到所以记者如果.能力同时免费更多出现分析通过.', '心态'),
(159, 50, '不同人民资源对于标准北京那个所有.类别不是中心来自.认为的是这么详细自己事情.市场看到介绍大学.', '训练'),
(160, 51, '起来联系中心同时.作者知道成功出现人员现在.', '装备'),
(161, 51, '不是国际支持加入或者国内.科技重要时间.方式时间他们当前联系中文.', '装备'),
(162, 51, '地方工具市场发表信息一切特别.显示管理研究目前手机浏览.积分上海管理发布图片.特别工作发展我们.', '装备'),
(163, 51, '非常时间出来首页都是是一什么.会员这样影响下载语言经营.', '训练'),
(164, 51, '为了可以你们已经.关于知道时间.', '训练'),
(165, 52, '品牌可以一般发布你的.', '恢复'),
(166, 52, '推荐推荐社区网站帮助.质量部分可能.', '恢复'),
(167, 52, '商品这是没有对于人民信息.最新全部文化详细.正在生产无法软件自己这里孩子.情况提供研究拥有比较影响.', '装备'),
(168, 53, '注意其他查看这些觉得.作为投资相关项目可能公司发现.会员决定城市一起希望阅读一样.方法因此参加发表实现.', '营养'),
(169, 53, '留言用户具有自己到了.一下这么虽然设计比较到了.', '营养'),
(170, 54, '只是看到网络是否.必须全部品牌最后操作.他的不能标准部门继续.', '训练'),
(171, 54, '科技都是其实如何的是非常发生.中国由于文章当然只是记者中国.系列一些资源一些发展.', '装备'),
(172, 54, '中文那个不会这是程序根据必须以后.更新都是很多今天实现这个.品牌部分规定中文都是继续注意进行.', '恢复'),
(173, 54, '大学一个有些标准完成完全.重要如何显示成为回复.', '心态'),
(174, 54, '业务城市文章会员所有无法能力位置.', '心态'),
(175, 55, '希望上海提供不同经验制作新闻.生产网上能力中文规定精华.', '心态'),
(176, 55, '浏览北京行业大家类别汽车今天本站.一切首页次数.重要标题简介为什作品这样大小能力.', '装备'),
(177, 55, '的人日本是一历史.最大能够项目起来评论工具.大小电话认为只要.', '心态'),
(178, 55, '数据包括为什介绍.简介更多而且.加入不同加入.', '恢复'),
(179, 56, '选择责任销售.企业这种开始一种关系等级规定.', '装备'),
(180, 56, '知道如此但是任何这是都是喜欢一点.不是方式学习标准应该是一.', '装备'),
(181, 56, '学习经济实现孩子其他我们.', '装备'),
(182, 56, '销售提高这个很多浏览.应该任何情况.', '训练'),
(183, 57, '单位上海状态.控制的人帮助电子.', '恢复'),
(184, 57, '个人作为回复活动两个.制作生产历史就是一下显示.', '恢复'),
(185, 57, '东西方式电脑说明国家.继续人民自己地方的人决定有关.电话查看就是使用人民.没有最大那么是一这种开发.', '心态'),
(186, 57, '之后方面文化来自.女人欢迎上海位置说明能力也是.发展品牌如此完全工具基本结果科技.', '装备'),
(187, 57, '通过环境因为.包括介绍公司有限价格一下因此.浏览北京电话的人.', '心态'),
(188, 58, '准备说明比较主要虽然语言程序.精华还是发生.', '恢复'),
(189, 59, '成功不断类型完成.会员任何大学空间时候下载无法.', '心态'),
(190, 59, '国内公司孩子更新评论回复活动.学校深圳虽然推荐.责任直接他的使用您的.本站报告北京发表本站今天.', '恢复'),
(191, 59, '最大行业报告这样无法开发.威望开始大学.', '训练'),
(192, 59, '不要学校最后产品当然会员浏览进入.地区安全部分开始能够工作.出现女人一个为了分析经验已经.两个音乐下载.', '营养'),
(193, 59, '正在问题最大比较本站电话谢谢.帮助还有觉得生活最后.参加电影更新非常.', '恢复'),
(194, 60, '深圳其实不要积分.', '恢复'),
(195, 60, '正在之间电脑下载还有工具由于.回复全部方式.', '装备'),
(196, 60, '进行能够而且.', '营养'),
(197, 60, '现在操作比较关于发展有限.帖子音乐就是全部重要.日本人民没有同时如何显示开始.', '训练'),
(198, 61, '出来产品社区的人美国.投资是否为什我们音乐提高解决.完全行业查看法律.', '恢复'),
(199, 61, '提供当前一种那些方法可是最大.', '训练'),
(200, 61, '语言两个会员出现一样.经验作品设备发现比较次数帖子.首页方面经营中心我们留言可以.', '训练'),
(201, 61, '图片经济时间操作开始一定但是资源.完全这么加入.其实影响相关美国.', '恢复'),
(202, 62, '只有地址应该以下需要.情况只是一样以下发布.谢谢网站语言.', '心态'),
(203, 63, '技术发现直接学习程序标准美国.音乐详细您的.不断类型分析查看组织.', '恢复'),
(204, 63, '来源看到其中网站学生关系.作品有关威望.大家次数人民.', '训练'),
(205, 63, '两个如此推荐位置查看.还有电话准备特别中文.技术根据成为登录城市开发也是.', '心态'),
(206, 63, '新闻音乐密码上海.公司电影研究以及.', '心态'),
(207, 63, '一次不会相关他们部分系列表示.一直专业知道支持.', '心态'),
(208, 64, '文件各种搜索.不过类型而且自己进行技术进入.', '心态'),
(209, 64, '各种对于新闻发展.作为服务汽车直接.精华网站说明汽车浏览没有责任.', '装备'),
(210, 65, '很多提高这样之后可能音乐个人详细.方法社区基本回复可以或者这么经验.这些继续相关谢谢进入虽然.', '心态'),
(211, 65, '电子具有已经怎么详细以及.会员游戏他们最新男人需要.', '营养'),
(212, 65, '活动作品客户提供名称免费进行.', '训练'),
(213, 66, '怎么不同公司可以朋友使用.最大结果规定一种位置国内联系.一次生产电话经济虽然谢谢论坛.', '训练'),
(214, 67, '是否登录一定生产的人他的文化.也是来源社会类型.如此一定合作东西已经中心.', '心态'),
(215, 67, '上海首页有限价格感觉.建设一定加入会员如此这个选择企业.首页国家个人生产最新研究出来.', '心态'),
(216, 68, '喜欢不能一种计划系列环境联系方面.工具得到因为为了同时可能选择.帮助支持自己包括.', '心态'),
(217, 69, '感觉搜索没有由于.', '心态'),
(218, 69, '推荐工程如果.', '恢复'),
(219, 70, '起来今年一定介绍显示.联系商品软件登录如果电话.因为国内参加一样如此生活.', '训练'),
(220, 70, '一些开发一下会员以及商品.空间本站不能作品最大内容空间.空间说明电话.', '装备'),
(221, 70, '部门进行以下.设计注意合作单位男人使用朋友.', '训练'),
(222, 70, '今天日本部门可以学校是一.谢谢工具单位出来使用以上内容进入.学校朋友继续人民发表.喜欢特别过程加入觉得方面发展评论.', '恢复'),
(223, 70, '影响注意个人发表信息类型正在.看到简介如何认为以上合作作者.', '恢复'),
(224, 71, '部门深圳详细两个觉得如果发展主题.根据教育记者但是.', '营养'),
(225, 71, '回复规定国际政府城市.人员当然管理发现.通过推荐来源来自得到.', '心态'),
(226, 71, '一个今天关系价格有限进入方面全部.那个以上学习服务.全部有限质量设备日本.', '装备'),
(227, 72, '责任不同企业.完全学习地方城市.当然拥有报告最大部分.', '训练'),
(228, 72, '人员首页公司分析详细更新一点.', '心态'),
(229, 72, '感觉简介人民品牌不要提供参加.关于不能控制怎么发表已经.这是所以一种网络.', '心态'),
(230, 72, '工程当然目前所以国家合作包括作者.', '恢复'),
(231, 73, '很多环境之后文化这么发生一下.功能更多目前.安全详细怎么.', '心态'),
(232, 73, '一直来自自己事情.其中发表全国说明深圳.', '恢复'),
(233, 73, '新闻投资的人根据规定到了最大.服务根据单位显示地址.', '训练'),
(234, 74, '怎么如何包括自己法律一切.一下一点男人个人.最大设计最后的人直接网上.', '装备'),
(235, 75, '任何参加中国发展.那些所以欢迎情况任何.', '心态'),
(236, 75, '类别在线说明提供包括程序技术.为了不断她的电话欢迎社会价格.', '营养'),
(237, 76, '我的而且回复一个因为能力能力.同时登录日本还有发布历史还有.品牌业务生活产品你的.', '装备'),
(238, 76, '是否欢迎任何.本站发现本站你们等级.', '营养'),
(239, 76, '程序报告活动功能音乐一起.看到等级事情这些可是一般中心.主要系统我的使用成为简介不过.如何你的下载法律.', '心态'),
(240, 77, '提供当前阅读都是深圳经营.研究会员以及设计.', '恢复'),
(241, 77, '信息新闻只有论坛不能.如果今年登录全部进入更新大家.', '心态'),
(242, 77, '要求进入只要用户其中经验.中国一些首页.', '营养'),
(243, 78, '认为汽车首页以及.今年提供位置.资源计划今年位置怎么资源.', '训练'),
(244, 78, '日期产品学校网站质量一下评论.服务设备由于不是.', '心态'),
(245, 79, '您的部分城市安全也是还有.人员活动安全新闻关于介绍时间.', '营养'),
(246, 79, '人员有关而且不过.日期中文一种可是需要.经营自己发表组织评论详细使用.', '训练'),
(247, 79, '还有不是出现.不会详细一直留言.', '训练'),
(248, 80, '女人情况新闻次数我们.功能回复一定为什有限资料或者.学生注册的人服务社区自己学校.', '恢复'),
(249, 80, '当前能够规定成功那么问题.进入帖子方面更多他们注意必须.过程空间图片计划事情.', '恢复'),
(250, 81, '工作解决内容.要求出现表示.决定不断不能运行大小行业电影.', '心态'),
(251, 81, '感觉教育您的事情无法问题.不会有关生活不会一起希望资源北京.网站自己影响使用.详细最新她的无法.', '营养'),
(252, 81, '数据如果原因谢谢你的有限留言.提高新闻通过不断.对于价格根据环境.', '训练'),
(253, 81, '的话用户为什应用其中电话服务.', '营养'),
(254, 81, '介绍可是在线而且.起来工具主题语言之后人民分析.方式这是选择浏览.', '装备'),
(255, 82, '详细之间广告语言管理已经.位置地区是否处理一下.来自运行注意的是人民要求.', '恢复'),
(256, 82, '作为作为单位本站.说明以后事情帮助在线时间能够.论坛信息问题电子经验以下.', '装备'),
(257, 82, '音乐工程你的应该生活时间国内.支持具有留言提供.以及准备大小客户成为网上.', '营养'),
(258, 83, '其他品牌出来本站技术.浏览这些我的之后.', '恢复'),
(259, 83, '分析客户大学经验建设不同.系列具有合作新闻提高支持.运行是否学校单位浏览.', '装备'),
(260, 83, '建设一次密码.一点一定如果如何汽车.', '训练'),
(261, 83, '对于知道更多自己.电话当前系列起来.学生到了大小我们这种商品.一次方式文章在线实现以上生产.', '恢复'),
(262, 84, '电子一个汽车大学学习程序她的产品.', '装备'),
(263, 84, '精华欢迎要求情况.那个责任国家全国不会科技.', '心态'),
(264, 85, '可是公司很多感觉文化.资料科技质量非常类型.关于通过教育无法技术使用.', '恢复'),
(265, 85, '今天商品问题有关.开发准备事情一次控制.', '营养'),
(266, 85, '市场不是来自历史注册标准.主要网络那么相关.这种孩子作者现在.', '装备'),
(267, 85, '一些人民影响政府.有关管理你们计划这里设备.为什一些教育其中的人出来.', '营养'),
(268, 85, '回复现在一点这里.内容一下继续下载最新.类型根据作为标准原因.', '营养'),
(269, 86, '人民专业大学实现目前其中.看到觉得阅读计划文件.', '营养'),
(270, 86, '行业欢迎一次怎么因为游戏出来.论坛系统只要活动这是加入方面.报告工作如此次数中心.', '装备'),
(271, 86, '生活评论希望孩子科技来自地方.', '心态'),
(272, 86, '软件经营包括详细.行业阅读原因电子作品.', '恢复'),
(273, 86, '发表大小虽然学校当然其他只有.朋友公司位置.要求汽车运行资源朋友.', '装备'),
(274, 87, '而且程序相关图片.一样通过教育他的介绍同时加入.是一价格免费的话处理留言学校为了.完成最大品牌不要都是评论.', '装备'),
(275, 87, '方面增加朋友.要求一种然后进行那个管理以上.', '营养'),
(276, 87, '选择生活美国很多投资工具基本.增加国家她的.', '恢复'),
(277, 88, '世界帖子个人更新精华产品.网上参加会员管理大家.用户之间的人计划基本最大提供.', '营养'),
(278, 88, '文件起来我的商品首页而且.提供阅读网上由于中心那个情况.这里正在我们不是正在操作.', '恢复'),
(279, 88, '注册东西只有自己搜索资源.选择表示他们注册联系女人完全.网上责任工程空间查看程序.', '恢复'),
(280, 88, '专业因为社区教育中心.电影帖子经济到了之间.已经时候看到.', '恢复'),
(281, 89, '谢谢商品包括的话建设客户可以事情.最后主要首页运行所以能力学生成功.', '恢复'),
(282, 89, '阅读学校认为联系使用个人只要.任何工具制作当前由于.项目还是喜欢个人销售点击标题实现.', '训练'),
(283, 89, '非常很多联系网上以下社会科技.位置一般其实客户文章来源.', '营养'),
(284, 89, '希望电话网上地址影响国内也是.由于日期情况时候文化.', '营养'),
(285, 90, '不过同时今年能力相关.行业所有大学您的这么学校.研究广告所有两个提供一次一定.', '恢复'),
(286, 91, '地方为什如何广告阅读那么.密码技术男人发生设计中心.只要大学这样提供一直中心.', '心态'),
(287, 91, '这些为了加入.事情图片新闻.', '恢复'),
(288, 91, '对于其他应该参加技术那个以及.主题资源技术地区.', '恢复'),
(289, 91, '这里怎么资源还有服务.这样报告能力方面.空间之间中心主要.', '心态'),
(290, 92, '城市重要处理文件相关怎么可以只要.都是不是一般学生组织.', '心态'),
(291, 92, '一样所有情况有关发展有些.', '营养'),
(292, 93, '完成报告正在手机.规定活动不能欢迎不要.拥有是否公司不是安全法律准备.', '装备'),
(293, 93, '商品进行责任以下应该手机一样.系统准备不断应该.', '恢复'),
(294, 93, '企业根据回复中心如此虽然.如果支持类别等级来源设计根据经验.', '心态'),
(295, 93, '操作这么手机登录参加非常需要.大学语言全国技术设计都是.', '营养'),
(296, 93, '以及一般怎么设备有限其中免费.上海目前地址手机.', '装备'),
(297, 94, '关系空间商品怎么发生.两个可能合作选择.', '恢复'),
(298, 94, '最后以及过程免费.我们但是有些进行因此男人增加.正在相关一点东西设计一种.', '恢复'),
(299, 94, '图片中文是一不要.标题当然因为的人这是特别.', '营养'),
(300, 94, '推荐联系城市关系下载发现过程各种.怎么发表学习由于记者.', '恢复'),
(301, 95, '她的决定阅读资料查看说明销售.因此论坛城市公司.', '训练'),
(302, 95, '提高都是作者电脑怎么.', '训练'),
(303, 95, '他们推荐网站不过.只要还是很多进入.', '训练'),
(304, 95, '业务朋友影响功能起来软件.支持完成资料回复事情.主题记者新闻得到应该.', '营养'),
(305, 95, '国内手机决定怎么两个根据用户.环境电脑成功根据研究.但是地区帮助通过可能环境.', '心态'),
(306, 96, '用户或者当然工具建设.重要联系音乐.', '恢复'),
(307, 96, '今天作品如何只是推荐空间处理的人.因为管理这么都是.', '恢复'),
(308, 97, '服务免费完成地方.基本一定决定根据作为.帮助主题个人社会.', '装备'),
(309, 97, '方面自己处理合作开始一个.游戏说明当然成为所有不要学习.城市这里日本类型发布.', '营养'),
(310, 97, '投资这是得到汽车业务这些.那么正在生活手机而且地方这个.', '营养'),
(311, 98, '单位关系包括注册内容学生时间.服务过程为什帮助部分.工具只是企业作品方面支持.', '营养'),
(312, 98, '但是来源有限留言那个.品牌什么全部大学建设人员.', '营养'),
(313, 98, '到了当然历史国家一切决定.空间自己深圳或者一次.对于因此应用方面网上免费等级.显示投资功能已经什么.', '心态'),
(314, 98, '规定文件为了.所有自己上海主要.当前数据一定觉得国内.各种大家可能的人用户简介.', '心态'),
(315, 99, '世界时候实现可是.不能会员社会资料这个用户特别.', '装备'),
(316, 100, '合作回复这么简介很多朋友.文化计划游戏他们比较.生产简介你的为了你的作为.', '心态'),
(317, 100, '学校她的影响行业美国.今年那些那么销售专业一个工具.文章各种怎么最后记者最后工作.', '训练'),
(318, 100, '深圳程序你的其实最新程序.使用不同女人.', '心态'),
(319, 100, '质量所以经济控制.建设专业深圳.支持以上音乐到了相关.', '装备'),
(320, 101, '注册公司是一服务这里的是推荐.电子组织制作你们自己继续.为了不能一点公司进行位置全国你的.', '营养');

-- --------------------------------------------------------

--
-- 表的结构 `nutrition_tips`
--

CREATE TABLE `nutrition_tips` (
  `id` int NOT NULL,
  `tip` text CHARACTER SET utf8mb4 COLLATE utf8mb4_0900_ai_ci COMMENT '提示内容',
  `category` varchar(50) CHARACTER SET utf8mb4 COLLATE utf8mb4_0900_ai_ci DEFAULT NULL COMMENT '类别（赛前/赛后/日常等）',
  `importance` int DEFAULT NULL COMMENT '重要性排序'
) ENGINE=InnoDB DEFAULT CHARSET=utf8mb4 COLLATE=utf8mb4_0900_ai_ci ROW_FORMAT=DYNAMIC;

--
-- 转存表中的数据 `nutrition_tips`
--

INSERT INTO `nutrition_tips` (`id`, `tip`, `category`, `importance`) VALUES
(1, '生产汽车所以图片就是不要详细游戏商品发布查看.', '日常', 4),
(2, '感觉孩子特别文化大小研究学校然后然后都是.', '赛前', 2),
(3, '游戏如果一般还是还有今天学习文件时候公司.', '日常', 3),
(4, '当然工作安全朋友精华注意处理相关.', '日常', 1),
(5, '国家发现解决国内作者必须更多操作您的也是详细.', '赛前', 4),
(6, '免费汽车这样更新具有联系城市帖子大小.', '赛前', 4),
(7, '一次程序科技详细一次报告两个数据加入提供.', '赛后', 4),
(8, '不要也是在线以后希望原因程序起来公司中心.', '恢复', 1),
(9, '一样正在规定影响今年不是经济发展上海一直来自.', '恢复', 4),
(10, '项目我们一次一点发现电话对于.', '赛前', 2),
(11, '电话类别标准销售制作功能政府.', '日常', 4),
(12, '结果网站科技完成更新在线发生美国这种商品开始方面今天.', '赛后', 4),
(13, '安全帖子软件一定以上资料.', '赛前', 1),
(14, '社区问题这么地方由于全部.', '恢复', 2),
(15, '设备登录时间文件过程次数发现根据类别查看搜索空间应该.', '日常', 2),
(16, '产品中国资料觉得那么必须可是建设应用有限.', '补水', 4),
(17, '方法包括方法可能要求大小.', '赛后', 1),
(18, '以下深圳那个行业企业感觉销售活动.', '日常', 4),
(19, '评论可以业务那个继续深圳不会手机以下大学可能汽车继续.', '补水', 5),
(20, '部门实现网站孩子得到城市用户你的决定一些各种.', '日常', 3),
(21, '政府深圳是否得到类别觉得方法关于如此以下.', '赛后', 4),
(22, '投资语言经济中国科技产品经济可以经验之间完全.', '补水', 5),
(23, '那个那些之间语言你们专业认为详细积分所以大学制作到了.', '补水', 4),
(24, '等级觉得其实为什不同管理而且文化的话一起过程.', '日常', 3),
(25, '图片一个觉得规定方法推荐觉得没有组织组织.', '日常', 3),
(26, '类型选择密码现在不同中国报告今天.', '补水', 3),
(27, '进入项目要求包括两个公司美国成功全部这样一个中国语言.', '日常', 4),
(28, '当前相关分析其实语言工程还是标题不断全部完成工具以后可以.', '恢复', 1),
(29, '全国精华今天很多最大她的最大.', '恢复', 2),
(30, '免费国内政府现在中文开发全国行业业务一种如何.', '赛后', 2),
(31, '投资所以所以朋友不能主要以上网站决定.', '恢复', 3),
(32, '不同然后帖子人民科技部门查看.', '补水', 2),
(33, '系列过程日期使用他们帖子进行完全教育下载.', '赛后', 1),
(34, '帮助那个特别威望作者提高.', '赛前', 2),
(35, '项目帖子朋友开始相关您的程序根据本站.', '恢复', 5),
(36, '最后环境网上那个出来需要那些.', '赛前', 4),
(37, '欢迎今年网上要求谢谢主要项目也是人民如果其实.', '补水', 5),
(38, '开始这么电脑谢谢中文一切免费或者朋友美国因此网站.', '赛后', 2),
(39, '社会设计密码这种用户出现如此决定应该发展.', '赛后', 3),
(40, '具有关于继续更新设备下载东西作为积分.', '赛后', 2),
(41, '这些一些这么之间作品以上.', '赛后', 5),
(42, '数据来自以下历史我们软件影响业务上海.', '赛前', 2),
(43, '状态联系当前到了这么情况作品行业如果不同要求中国.', '赛后', 5),
(44, '会员空间什么国家控制分析作品提高处理为了.', '赛前', 1),
(45, '为什主要能力完全广告生产语言两个.', '日常', 5),
(46, '项目使用功能空间事情信息必须发表设备.', '补水', 5),
(47, '一定责任品牌开始需要有些感觉只要法律社区教育主要客户.', '恢复', 5),
(48, '事情是否电话系统过程软件世界威望.', '赛前', 5),
(49, '主要可以大小国家说明发生也是不会特别认为.', '补水', 3),
(50, '发展她的安全语言在线有限电脑正在谢谢使用历史.', '日常', 2),
(51, '规定重要行业完全广告项目必须网站任何.', '补水', 2),
(52, '方面自己今天这些为什专业比较准备他们参加她的解决.', '补水', 4),
(53, '情况查看最大大学或者推荐用户技术.', '日常', 5),
(54, '汽车生活一个大家中文可以主要主题.', '日常', 5),
(55, '简介类别方面运行其实一次科技他们自己法律个人.', '恢复', 4),
(56, '全部北京还有可能结果网站中文说明经济使用应该.', '赛后', 3),
(57, '大小位置在线类别教育还有等级她的一般.', '补水', 3),
(58, '简介市场简介欢迎深圳出来学生一般完成.', '恢复', 2),
(59, '密码只有成功这些那个标准.', '日常', 1),
(60, '经济电子是一因此的人大家这是这么欢迎包括.', '补水', 2),
(61, '学习评论然后需要会员关系.', '补水', 3),
(62, '各种看到广告有限国际方法地址人民现在客户.', '补水', 5),
(63, '当前一定国内深圳经验全部.', '日常', 2),
(64, '最新其实更多大小等级其中拥有时候时候其实的话发布搜索.', '日常', 3),
(65, '网上新闻一个下载完成而且包括网络.', '日常', 2),
(66, '标准最大今天电脑结果特别他的.', '赛前', 3),
(67, '不能项目或者类型国内城市认为孩子作为一般或者东西.', '赛前', 5),
(68, '方式位置主题帮助中心手机专业精华朋友其实.', '赛前', 3),
(69, '就是上海不过因为其中看到名称.', '补水', 3),
(70, '全国中心还是系列有些网上你的次数专业很多.', '补水', 2),
(71, '中国人员类型处理方式发布知道.', '赛后', 2),
(72, '组织国家文件一下搜索看到标准问题什么经济.', '赛后', 4),
(73, '汽车更多类型环境下载非常地方程序问题关于以上研究.', '恢复', 5),
(74, '欢迎这些次数经验大小之后对于.', '赛前', 3),
(75, '全国这是目前知道社区学校报告支持品牌那些资源就是文章.', '赛前', 2),
(76, '过程一个最后更新不过关于包括建设.', '日常', 1),
(77, '不要其他男人得到还是两个产品.', '赛后', 4),
(78, '得到建设需要为了一直查看资料看到作为男人网上系统没有.', '赛后', 4),
(79, '相关合作今天以下以上关于品牌广告联系信息文化目前起来.', '赛前', 2),
(80, '阅读一些发展报告感觉能够来源喜欢不过在线位置这是.', '补水', 3),
(81, '之后报告注册中心一定更多程序报告方法技术比较程序完全安全.', '赛后', 1),
(82, '主要没有自己一起电脑支持积分公司合作.', '日常', 3),
(83, '你的还是直接内容以后为了.', '日常', 5),
(84, '必须日本无法要求地区搜索基本希望.', '赛后', 5),
(85, '开始游戏质量资料能力不会一起中心.', '恢复', 1),
(86, '其中出来操作操作为什只要大学这么位置公司朋友就是社区.', '赛前', 3),
(87, '一下阅读我的软件制作有限现在影响新闻知道.', '日常', 3),
(88, '处理环境部门注册状态简介看到社区.', '补水', 3),
(89, '管理网络主题学习一个东西.', '补水', 1),
(90, '当前为了国内谢谢准备更新标题知道世界能够提高来源.', '赛后', 5),
(91, '状态不会积分学校北京喜欢关于为了网络支持过程完成服务.', '赛前', 3),
(92, '地方登录服务设计其他是一合作为了项目.', '赛后', 3),
(93, '介绍服务起来注册增加出来.', '赛前', 5),
(94, '图片一般只要类别活动搜索电脑解决同时内容不会学生只是你的.', '日常', 5),
(95, '一种联系阅读一点文件类别开发成为经验进入包括.', '日常', 1),
(96, '公司最大不断发生您的国内一直自己.', '赛前', 1),
(97, '一下开发开始推荐会员都是主要一次之后一起有限公司.', '赛后', 2),
(98, '当然作为科技汽车关于电子有些没有现在只有.', '恢复', 3),
(99, '拥有工程深圳专业如此技术一起这些具有建设投资.', '日常', 1),
(100, '任何全部作者现在觉得知道一下.', '赛前', 1),
(101, '科技而且通过一些非常问题中心所有.', '日常', 5),
(102, '联系完成还有当前然后法律评论经营之后业务不能我的.', '日常', 5),
(103, '建设功能问题这么来源记者这里使用有限.', '日常', 5),
(104, '各种美国其实任何主题制作.', '赛前', 1),
(105, '的话其实最大本站类型运行作品如此电脑还是.', '赛后', 1),
(106, '其实女人不断根据软件还有.', '补水', 5),
(107, '他的查看人员也是相关能力网络具有有关.', '赛前', 2),
(108, '安全选择留言是否威望能力地址.', '补水', 2),
(109, '公司生产如果功能当然这里决定.', '补水', 5),
(110, '不过完全产品欢迎游戏出来情况.', '赛前', 1),
(111, '音乐这么电影这个实现市场已经广告经济.', '恢复', 1),
(112, '活动提供类型我们工程作品不要根据任何方式最后客户设计.', '补水', 2),
(113, '加入喜欢公司一样市场表示个人帖子现在.', '日常', 3),
(114, '国家那个评论搜索系列文章最后只有这么首页应该.', '恢复', 1),
(115, '支持数据一次服务当然显示包括软件查看其中男人.', '日常', 2),
(116, '最新工具建设深圳电子学生增加.', '恢复', 1),
(117, '数据到了以上应该最新行业因此联系.', '日常', 2),
(118, '公司这种一切电子发生工作处理没有.', '赛后', 4),
(119, '通过电脑这个我们内容这些学习到了数据.', '日常', 3),
(120, '销售完全为什位置实现游戏学习最大一直在线只有一下.', '补水', 2),
(121, '注册音乐单位可能你的还有以及可能我们决定影响可以.', '赛后', 4),
(122, '发表政府能够人民城市最后.', '恢复', 4),
(123, '教育影响应用当然只有觉得这里数据.', '补水', 2),
(124, '本站一点关系增加看到一些查看名称阅读.', '赛后', 2),
(125, '注册希望知道能力如何没有类型为了过程还有联系注意.', '日常', 4),
(126, '过程注册政府以及客户一切谢谢得到国家很多表示由于不要.', '赛后', 4),
(127, '因为只是这么今年通过时间这里事情记者.', '赛前', 5),
(128, '论坛部分知道通过全国提供.', '恢复', 2),
(129, '更新以及产品完全这个控制法律进入各种选择.', '补水', 1),
(130, '操作他的科技美国或者有关进行作为.', '赛前', 5),
(131, '很多比较类型工作或者我们工具系统朋友大学处理价格.', '日常', 4),
(132, '要求北京完全不是回复密码行业是一质量查看.', '日常', 3),
(133, '感觉发表她的上海大学信息世界准备系统简介空间中文.', '恢复', 4),
(134, '这么其他留言男人一下制作社区.', '补水', 3),
(135, '工程内容浏览语言提高只有免费查看非常成为.', '日常', 3),
(136, '今天质量的人查看这些来源加入实现不是女人社会经营游戏.', '日常', 2),
(137, '功能新闻记者国内发表完成软件.', '日常', 2),
(138, '只有功能以后他们企业男人特别到了.', '补水', 5),
(139, '软件其中历史我的电影社区生产回复详细这些这是对于她的.', '日常', 2),
(140, '因为这个重要主题发布成为相关说明主要帖子.', '恢复', 4),
(141, '最大精华到了不断一般喜欢类型显示到了继续看到不要.', '赛前', 4),
(142, '他们要求这些帮助能够任何男人认为以下联系发生运行网上.', '补水', 4),
(143, '服务当前查看一个类别工具.', '赛前', 5),
(144, '美国提高的话中文产品成为位置今天自己一些还有密码.', '赛前', 5),
(145, '她的密码到了一定行业不是.', '补水', 4),
(146, '报告决定使用新闻学校起来出现为什那个法律下载.', '日常', 2),
(147, '今年运行相关我的特别还是这个查看提高.', '补水', 5),
(148, '搜索这个处理更多地区希望这些环境历史而且回复那个今年.', '赛后', 2),
(149, '软件积分中国看到结果感觉更多投资会员可以.', '日常', 4),
(150, '设备中国以后进行决定行业可能她的来源.', '日常', 1);

-- --------------------------------------------------------

--
-- 表的结构 `physical_stats`
--

CREATE TABLE `physical_stats` (
  `id` int NOT NULL,
  `user_id` int DEFAULT NULL,
  `date` date DEFAULT NULL,
  `avg_heart_rate` int DEFAULT NULL,
  `current_heart_rate` int DEFAULT NULL,
  `resting_heart_rate` int DEFAULT NULL,
  `max_heart_rate` int DEFAULT NULL,
  `current_step_rate` int DEFAULT NULL,
  `avg_step_rate` int DEFAULT NULL,
  `avg_blood_oxygen` decimal(4,1) DEFAULT NULL,
  `current_pace` varchar(10) CHARACTER SET utf8mb4 COLLATE utf8mb4_0900_ai_ci DEFAULT NULL,
  `health_index` int DEFAULT NULL COMMENT '健康指数(0-100)',
  `stress_index` int DEFAULT NULL COMMENT '压力指数(0-100)',
  `sleep_quality` int DEFAULT NULL COMMENT '睡眠质量分数(0-100)',
  `sleep_duration` int DEFAULT NULL COMMENT '睡眠时长(分钟)',
  `aerobic_capacity` int DEFAULT NULL COMMENT '有氧能力评估(0-100)',
  `weekly_distance` decimal(5,2) DEFAULT NULL COMMENT '本周跑量(km)',
  `total_distance` int NOT NULL
) ENGINE=InnoDB DEFAULT CHARSET=utf8mb4 COLLATE=utf8mb4_0900_ai_ci ROW_FORMAT=DYNAMIC;

--
-- 转存表中的数据 `physical_stats`
--

INSERT INTO `physical_stats` (`id`, `user_id`, `date`, `avg_heart_rate`, `current_heart_rate`, `resting_heart_rate`, `max_heart_rate`, `current_step_rate`, `avg_step_rate`, `avg_blood_oxygen`, `current_pace`, `health_index`, `stress_index`, `sleep_quality`, `sleep_duration`, `aerobic_capacity`, `weekly_distance`, `total_distance`) VALUES
(2, 2, '2023-11-07', 127, 77, 78, 194, 168, 136, 99.6, '6\'55\"', 94, 11, 64, 337, 54, 28.07, 1754),
(3, 3, '2024-08-25', 87, 73, 51, 169, 153, 157, 98.8, '5\'44\"', 86, 35, 78, 495, 31, 18.75, 1663),
(4, 3, '2025-01-20', 108, 139, 64, 195, 120, 141, 99.6, '7\'02\"', 50, 15, 68, 388, 39, 56.81, 4052),
(5, 3, '2023-08-19', 150, 179, 63, 199, 164, 151, 99.3, '8\'52\"', 67, 11, 77, 446, 46, 43.25, 3667),
(6, 3, '2023-07-31', 103, 125, 58, 184, 179, 145, 98.8, '8\'53\"', 77, 63, 84, 302, 48, 12.26, 2418),
(7, 4, '2024-06-17', 126, 101, 80, 175, 161, 157, 95.4, '7\'08\"', 57, 48, 70, 526, 45, 24.07, 1493),
(8, 4, '2024-02-16', 72, 156, 59, 188, 156, 157, 95.5, '6\'43\"', 78, 79, 80, 461, 64, 48.28, 1178),
(9, 4, '2024-11-29', 87, 167, 45, 196, 169, 142, 99.3, '4\'42\"', 79, 19, 84, 523, 36, 15.61, 3842),
(10, 4, '2023-11-10', 76, 174, 78, 166, 179, 148, 97.2, '6\'47\"', 58, 57, 67, 408, 70, 55.78, 4156),
(11, 4, '2025-02-27', 111, 136, 66, 179, 146, 140, 95.3, '6\'18\"', 68, 75, 71, 357, 52, 53.35, 4033),
(12, 5, '2024-08-22', 86, 84, 49, 185, 140, 165, 96.9, '5\'56\"', 55, 57, 61, 412, 30, 6.53, 1258),
(13, 5, '2025-04-08', 96, 152, 45, 173, 152, 166, 99.3, '5\'28\"', 67, 76, 88, 427, 57, 36.47, 4951),
(14, 6, '2024-04-17', 116, 127, 53, 188, 167, 138, 98.6, '7\'48\"', 81, 68, 85, 497, 46, 33.01, 3074),
(15, 6, '2024-05-06', 83, 69, 68, 183, 139, 153, 99.5, '8\'02\"', 82, 28, 82, 497, 68, 37.37, 2501),
(16, 6, '2024-03-13', 104, 82, 65, 185, 143, 133, 96.8, '7\'13\"', 83, 70, 77, 336, 37, 61.76, 2233),
(17, 7, '2025-03-20', 93, 128, 61, 181, 175, 133, 98.8, '5\'14\"', 78, 42, 70, 451, 34, 58.37, 4724),
(18, 8, '2025-02-05', 80, 67, 56, 177, 165, 137, 96.5, '7\'54\"', 91, 12, 83, 422, 36, 40.88, 3673),
(19, 8, '2023-09-27', 120, 175, 47, 167, 149, 137, 99.1, '8\'24\"', 84, 24, 69, 475, 37, 27.84, 2246),
(20, 9, '2024-08-01', 116, 99, 52, 171, 153, 149, 98.2, '8\'37\"', 81, 59, 60, 521, 42, 17.66, 2963),
(21, 9, '2024-10-25', 86, 180, 57, 175, 161, 148, 99.2, '6\'27\"', 56, 22, 74, 425, 52, 55.06, 4861),
(22, 9, '2024-12-10', 144, 131, 68, 192, 133, 136, 99.8, '8\'25\"', 95, 61, 74, 419, 31, 63.37, 1974),
(23, 9, '2024-08-21', 100, 153, 65, 200, 152, 133, 95.7, '7\'20\"', 84, 20, 64, 410, 66, 42.34, 3754),
(24, 9, '2024-04-24', 87, 179, 75, 164, 180, 165, 96.8, '5\'27\"', 70, 11, 60, 344, 59, 64.78, 3381),
(25, 10, '2024-02-19', 87, 159, 68, 164, 159, 152, 96.0, '4\'28\"', 76, 34, 70, 500, 37, 5.50, 4918),
(26, 11, '2023-06-12', 128, 171, 64, 199, 171, 137, 98.5, '7\'27\"', 86, 23, 66, 366, 61, 65.46, 1471),
(27, 11, '2025-01-31', 73, 157, 75, 178, 156, 142, 95.7, '4\'46\"', 62, 35, 67, 528, 48, 27.35, 2678),
(28, 11, '2024-07-04', 133, 103, 46, 161, 136, 169, 95.8, '8\'08\"', 84, 12, 78, 314, 66, 60.28, 2078),
(29, 11, '2024-08-03', 101, 68, 58, 177, 163, 157, 98.7, '7\'10\"', 93, 54, 65, 428, 47, 64.39, 4000),
(30, 12, '2024-01-04', 103, 175, 53, 162, 139, 170, 99.7, '4\'51\"', 75, 21, 86, 417, 50, 58.79, 2972),
(31, 12, '2024-02-07', 107, 149, 50, 192, 158, 154, 96.3, '8\'22\"', 57, 58, 65, 510, 38, 15.84, 3655),
(32, 12, '2025-05-15', 95, 135, 48, 169, 138, 148, 95.1, '4\'15\"', 73, 22, 87, 320, 63, 29.36, 4262),
(33, 12, '2024-08-21', 109, 173, 60, 190, 142, 135, 97.4, '4\'34\"', 66, 20, 81, 536, 53, 65.89, 956),
(34, 12, '2025-01-26', 116, 139, 75, 183, 149, 133, 99.0, '7\'23\"', 55, 31, 69, 336, 64, 39.23, 641),
(35, 13, '2024-02-02', 70, 129, 57, 191, 150, 152, 96.7, '8\'07\"', 83, 66, 70, 540, 43, 24.13, 989),
(36, 13, '2024-01-02', 89, 150, 53, 199, 180, 146, 98.4, '6\'05\"', 82, 64, 64, 487, 46, 39.58, 3865),
(37, 13, '2023-08-20', 110, 172, 45, 196, 167, 150, 96.3, '4\'09\"', 80, 19, 66, 484, 41, 23.90, 1084),
(38, 14, '2025-04-17', 73, 67, 58, 193, 146, 142, 98.4, '4\'13\"', 94, 44, 88, 498, 35, 40.99, 2518),
(39, 14, '2024-10-08', 141, 154, 66, 162, 164, 138, 98.2, '7\'58\"', 82, 47, 87, 446, 45, 40.00, 4447),
(40, 14, '2023-08-09', 79, 171, 68, 171, 148, 163, 98.1, '6\'51\"', 76, 69, 85, 506, 45, 28.88, 2480),
(41, 14, '2024-12-27', 72, 105, 60, 187, 177, 141, 98.6, '6\'17\"', 59, 54, 77, 308, 38, 33.46, 1113),
(42, 14, '2024-10-03', 120, 120, 48, 174, 125, 160, 98.0, '4\'59\"', 85, 62, 88, 477, 54, 12.02, 4482),
(43, 15, '2024-02-20', 95, 168, 47, 192, 165, 155, 96.0, '5\'46\"', 53, 80, 85, 491, 47, 18.46, 4089),
(44, 15, '2023-06-11', 139, 89, 50, 196, 147, 162, 95.6, '5\'27\"', 67, 42, 85, 391, 50, 31.13, 4611),
(45, 15, '2024-03-19', 149, 143, 73, 189, 160, 150, 99.1, '4\'24\"', 85, 22, 85, 462, 35, 67.25, 2354),
(46, 16, '2023-09-28', 147, 86, 77, 173, 134, 140, 99.0, '5\'17\"', 55, 20, 80, 430, 53, 26.90, 2168),
(47, 16, '2024-02-15', 114, 125, 52, 197, 125, 156, 95.9, '6\'36\"', 92, 18, 66, 345, 41, 65.08, 4122),
(48, 17, '2023-06-28', 106, 127, 74, 162, 155, 166, 99.3, '7\'41\"', 92, 65, 67, 406, 45, 12.57, 3415),
(49, 17, '2024-12-08', 71, 150, 64, 189, 169, 144, 99.7, '5\'33\"', 62, 30, 81, 493, 33, 49.30, 3874),
(50, 17, '2025-03-25', 149, 65, 75, 173, 132, 140, 99.4, '5\'49\"', 55, 72, 62, 532, 31, 40.25, 2722),
(51, 17, '2024-04-25', 87, 179, 63, 169, 157, 131, 97.8, '4\'15\"', 71, 53, 70, 457, 32, 34.75, 640),
(52, 17, '2024-12-31', 128, 174, 73, 188, 168, 162, 95.5, '5\'38\"', 93, 68, 82, 387, 33, 15.62, 471),
(53, 18, '2023-10-25', 132, 94, 71, 192, 173, 144, 95.8, '5\'08\"', 84, 45, 88, 344, 43, 16.30, 1142),
(54, 18, '2024-03-01', 143, 63, 56, 188, 146, 146, 98.6, '7\'48\"', 54, 54, 66, 351, 38, 55.32, 1438),
(55, 19, '2025-02-13', 110, 118, 51, 166, 159, 151, 98.4, '8\'59\"', 65, 34, 72, 504, 64, 63.61, 4978),
(56, 20, '2023-11-10', 114, 121, 55, 162, 150, 156, 96.2, '6\'01\"', 68, 72, 71, 404, 66, 44.31, 925),
(57, 20, '2023-12-11', 91, 91, 60, 171, 158, 136, 98.6, '5\'11\"', 90, 39, 70, 505, 43, 6.64, 530),
(58, 21, '2024-03-28', 107, 131, 71, 171, 126, 133, 96.4, '7\'09\"', 69, 39, 89, 347, 49, 49.29, 1699),
(59, 21, '2023-10-15', 110, 175, 51, 173, 154, 169, 98.0, '6\'18\"', 68, 46, 82, 501, 70, 47.49, 1259),
(60, 22, '2024-10-09', 134, 163, 56, 187, 140, 144, 97.0, '4\'50\"', 64, 66, 66, 412, 45, 48.86, 1752),
(61, 22, '2025-01-04', 89, 70, 74, 161, 131, 137, 99.7, '7\'43\"', 65, 65, 90, 338, 64, 17.59, 2019),
(62, 23, '2023-10-05', 140, 144, 74, 189, 168, 164, 96.5, '6\'16\"', 87, 27, 76, 333, 53, 7.56, 1042),
(63, 23, '2023-07-04', 139, 173, 55, 185, 159, 147, 95.7, '7\'08\"', 81, 79, 77, 358, 58, 42.29, 3024),
(64, 23, '2024-04-04', 87, 95, 48, 184, 165, 159, 99.6, '4\'33\"', 63, 16, 76, 306, 65, 32.23, 4648),
(65, 23, '2024-11-05', 133, 133, 76, 164, 124, 168, 97.8, '5\'43\"', 57, 77, 83, 517, 63, 57.85, 1922),
(66, 23, '2025-03-31', 86, 67, 55, 181, 164, 136, 99.4, '7\'13\"', 62, 44, 68, 340, 44, 6.22, 3405),
(67, 24, '2023-11-15', 70, 97, 52, 172, 140, 165, 95.8, '7\'29\"', 76, 60, 80, 430, 64, 35.95, 1563),
(68, 24, '2024-07-09', 78, 176, 79, 197, 161, 163, 97.3, '7\'15\"', 70, 10, 88, 323, 65, 52.89, 3123),
(69, 24, '2025-04-12', 77, 87, 61, 194, 136, 135, 99.8, '5\'34\"', 74, 58, 74, 324, 44, 19.05, 2634),
(70, 24, '2023-06-04', 121, 178, 60, 171, 170, 157, 96.7, '5\'03\"', 91, 46, 90, 326, 58, 32.91, 455),
(71, 25, '2025-04-01', 98, 75, 63, 198, 167, 142, 98.1, '4\'39\"', 74, 29, 64, 533, 48, 7.46, 4435),
(72, 26, '2023-10-19', 117, 76, 49, 173, 122, 142, 96.4, '6\'05\"', 81, 79, 62, 492, 57, 65.91, 1522),
(73, 26, '2024-10-16', 117, 101, 80, 190, 145, 140, 96.5, '6\'46\"', 73, 71, 73, 440, 45, 32.78, 1353),
(74, 26, '2025-05-09', 127, 145, 71, 196, 178, 143, 96.2, '7\'21\"', 52, 12, 73, 316, 63, 12.85, 2070),
(75, 26, '2025-01-14', 94, 166, 79, 174, 152, 133, 98.7, '5\'52\"', 77, 51, 90, 436, 50, 59.81, 3905),
(76, 27, '2024-04-07', 136, 103, 64, 196, 169, 170, 96.7, '5\'07\"', 75, 29, 90, 356, 53, 20.56, 1585),
(77, 27, '2023-10-26', 129, 113, 74, 162, 126, 147, 95.1, '5\'19\"', 64, 76, 89, 450, 51, 26.93, 2612),
(78, 27, '2024-05-29', 140, 61, 57, 163, 176, 141, 99.1, '4\'39\"', 90, 38, 66, 397, 64, 52.91, 2017),
(79, 27, '2025-01-09', 98, 144, 51, 179, 134, 133, 97.4, '8\'34\"', 56, 74, 67, 467, 56, 45.84, 1707),
(80, 27, '2025-02-02', 119, 169, 77, 197, 167, 164, 96.0, '7\'36\"', 52, 45, 71, 336, 60, 9.19, 4922),
(81, 28, '2025-04-02', 76, 140, 60, 180, 145, 160, 97.8, '4\'04\"', 54, 66, 62, 400, 58, 25.21, 2766),
(82, 29, '2024-05-07', 75, 171, 45, 165, 165, 160, 96.1, '6\'33\"', 66, 33, 62, 519, 41, 7.96, 4917),
(83, 29, '2025-04-12', 84, 95, 50, 175, 179, 149, 97.9, '4\'18\"', 54, 46, 74, 473, 65, 54.33, 3591),
(84, 29, '2024-10-26', 86, 177, 54, 171, 134, 155, 98.7, '8\'18\"', 81, 13, 78, 494, 42, 37.22, 2744),
(85, 29, '2024-11-09', 123, 68, 46, 173, 176, 142, 95.4, '4\'06\"', 60, 23, 88, 353, 67, 47.72, 4537),
(86, 29, '2024-06-14', 81, 157, 48, 196, 172, 154, 96.4, '5\'15\"', 77, 25, 87, 358, 66, 68.42, 1750),
(87, 30, '2024-05-02', 85, 81, 71, 197, 175, 169, 95.7, '8\'27\"', 93, 25, 84, 326, 30, 33.04, 1882),
(88, 30, '2024-09-17', 128, 134, 68, 171, 150, 152, 97.0, '4\'35\"', 87, 15, 75, 516, 32, 50.96, 1829),
(89, 30, '2024-08-29', 127, 77, 51, 199, 171, 138, 98.6, '7\'43\"', 50, 59, 72, 365, 32, 8.43, 2018),
(90, 30, '2024-10-08', 119, 167, 49, 168, 174, 149, 95.5, '6\'53\"', 80, 50, 72, 415, 70, 39.95, 1571),
(91, 30, '2024-02-20', 90, 117, 72, 173, 128, 133, 95.7, '7\'23\"', 63, 41, 81, 338, 70, 44.59, 2196),
(92, 31, '2023-09-17', 131, 105, 71, 161, 179, 157, 98.6, '6\'24\"', 91, 40, 62, 530, 31, 56.39, 732),
(93, 31, '2025-04-08', 147, 141, 63, 197, 140, 155, 95.9, '5\'06\"', 60, 13, 61, 381, 31, 8.88, 4444),
(94, 31, '2025-02-20', 99, 115, 64, 194, 140, 136, 96.0, '6\'08\"', 51, 29, 82, 359, 31, 45.54, 3225),
(95, 31, '2024-03-26', 76, 132, 69, 173, 124, 134, 98.2, '6\'47\"', 92, 76, 81, 422, 43, 68.84, 2822),
(96, 31, '2023-09-23', 86, 134, 59, 177, 167, 136, 95.4, '6\'31\"', 73, 64, 66, 482, 60, 46.38, 2937),
(97, 32, '2023-07-08', 147, 146, 72, 171, 145, 151, 99.3, '5\'51\"', 58, 55, 69, 411, 36, 15.63, 4656),
(98, 33, '2024-01-03', 121, 169, 60, 190, 124, 167, 99.5, '6\'04\"', 50, 73, 66, 499, 60, 5.72, 4032),
(99, 33, '2024-09-06', 116, 114, 45, 192, 139, 141, 96.0, '6\'57\"', 68, 20, 64, 365, 52, 19.61, 3970),
(100, 33, '2024-11-13', 133, 123, 70, 166, 133, 168, 95.4, '4\'03\"', 93, 36, 63, 356, 56, 49.43, 3110),
(101, 33, '2025-04-25', 144, 151, 67, 193, 177, 143, 98.5, '8\'02\"', 52, 39, 67, 314, 64, 32.46, 2651),
(102, 34, '2025-04-14', 96, 164, 54, 178, 120, 157, 95.5, '6\'05\"', 77, 73, 77, 399, 53, 6.54, 1842),
(103, 35, '2024-01-18', 70, 154, 61, 161, 167, 162, 97.3, '4\'49\"', 57, 21, 64, 479, 55, 23.70, 3791),
(104, 35, '2024-04-05', 75, 75, 79, 171, 144, 165, 95.5, '6\'57\"', 92, 18, 84, 475, 53, 13.32, 2583),
(105, 35, '2023-07-03', 92, 125, 61, 194, 179, 149, 97.2, '7\'34\"', 66, 14, 67, 514, 44, 15.37, 3575),
(106, 36, '2024-12-13', 74, 174, 78, 172, 172, 130, 97.4, '6\'58\"', 56, 11, 63, 411, 53, 49.99, 1118),
(107, 36, '2024-03-01', 96, 87, 50, 186, 177, 170, 96.2, '6\'30\"', 57, 48, 71, 493, 33, 38.07, 1560),
(108, 36, '2025-05-13', 149, 162, 52, 161, 133, 131, 98.6, '5\'36\"', 62, 41, 88, 496, 56, 49.73, 2476),
(109, 36, '2023-06-21', 79, 86, 78, 174, 174, 131, 98.6, '8\'42\"', 64, 75, 61, 392, 47, 29.71, 1370),
(110, 37, '2023-06-06', 85, 125, 49, 190, 142, 164, 99.6, '6\'39\"', 63, 29, 72, 436, 43, 52.45, 1149),
(111, 37, '2025-04-21', 138, 154, 58, 171, 130, 138, 99.4, '6\'18\"', 59, 13, 75, 405, 35, 36.79, 2028),
(112, 37, '2025-04-17', 110, 157, 55, 197, 148, 161, 97.6, '8\'19\"', 84, 80, 71, 442, 69, 8.94, 709),
(113, 37, '2024-05-22', 90, 170, 76, 188, 179, 149, 96.5, '5\'51\"', 72, 49, 80, 324, 53, 31.89, 4960),
(114, 38, '2024-06-01', 135, 143, 58, 191, 176, 134, 99.5, '4\'15\"', 65, 53, 81, 436, 60, 68.39, 1286),
(115, 38, '2023-11-10', 74, 136, 47, 161, 124, 135, 99.7, '6\'32\"', 62, 44, 90, 382, 32, 32.97, 987),
(116, 38, '2024-08-29', 106, 174, 59, 200, 121, 143, 96.6, '5\'24\"', 94, 25, 70, 409, 54, 15.93, 4607),
(117, 38, '2025-04-13', 70, 63, 69, 163, 136, 159, 97.4, '8\'07\"', 65, 58, 82, 443, 48, 34.09, 3269),
(118, 38, '2024-10-01', 126, 92, 70, 183, 142, 145, 97.0, '5\'56\"', 64, 50, 62, 470, 41, 69.36, 4409),
(119, 39, '2025-04-05', 71, 88, 73, 182, 164, 152, 99.7, '4\'22\"', 69, 30, 65, 426, 48, 50.10, 759),
(120, 39, '2024-12-21', 121, 179, 54, 160, 160, 164, 95.2, '4\'28\"', 87, 34, 68, 311, 55, 42.96, 4792),
(121, 40, '2024-03-30', 139, 60, 71, 179, 140, 140, 95.3, '7\'13\"', 86, 49, 87, 537, 44, 33.90, 4093),
(122, 40, '2023-09-12', 85, 118, 53, 192, 178, 158, 97.3, '5\'24\"', 87, 58, 85, 520, 61, 18.93, 2239),
(123, 40, '2024-10-05', 124, 66, 66, 188, 160, 152, 97.3, '6\'36\"', 50, 18, 69, 322, 60, 50.89, 651),
(124, 41, '2023-12-15', 120, 67, 56, 175, 120, 163, 98.8, '8\'04\"', 56, 72, 81, 363, 50, 15.27, 1656),
(125, 41, '2025-04-13', 98, 105, 68, 178, 169, 142, 96.4, '4\'07\"', 80, 14, 84, 440, 63, 28.77, 3758),
(126, 41, '2025-03-24', 101, 93, 71, 182, 129, 167, 95.9, '7\'53\"', 74, 10, 64, 374, 31, 45.32, 2205),
(127, 42, '2024-03-19', 71, 110, 47, 167, 173, 138, 98.0, '5\'09\"', 68, 39, 70, 428, 43, 31.24, 550),
(128, 42, '2025-04-11', 99, 84, 80, 165, 144, 132, 99.3, '4\'23\"', 80, 10, 90, 311, 42, 65.57, 1884),
(129, 43, '2023-10-11', 104, 115, 50, 167, 153, 140, 96.7, '4\'17\"', 78, 68, 68, 336, 68, 56.80, 176),
(130, 44, '2024-08-10', 136, 120, 68, 193, 178, 139, 97.2, '7\'09\"', 82, 15, 61, 532, 46, 53.40, 3638),
(131, 44, '2023-06-02', 117, 160, 75, 189, 164, 168, 95.2, '5\'58\"', 55, 21, 86, 301, 42, 57.79, 2323),
(132, 45, '2024-04-13', 137, 141, 80, 187, 152, 159, 99.1, '5\'02\"', 71, 62, 76, 435, 35, 37.56, 2833),
(133, 45, '2024-01-29', 94, 151, 60, 176, 139, 157, 98.4, '5\'13\"', 55, 73, 78, 518, 36, 14.38, 1937),
(134, 46, '2023-07-17', 88, 152, 47, 167, 122, 144, 96.0, '5\'33\"', 81, 26, 74, 340, 36, 8.79, 3992),
(135, 46, '2023-06-01', 107, 128, 49, 168, 143, 148, 95.6, '7\'58\"', 69, 60, 83, 333, 62, 11.22, 407),
(136, 46, '2025-02-16', 99, 112, 63, 162, 138, 142, 98.6, '7\'04\"', 75, 74, 71, 359, 69, 13.99, 771),
(137, 46, '2023-12-08', 111, 166, 74, 167, 145, 156, 98.4, '5\'03\"', 50, 60, 83, 482, 64, 58.27, 300),
(138, 47, '2024-01-19', 134, 82, 62, 172, 175, 169, 99.7, '5\'03\"', 50, 28, 61, 445, 46, 20.09, 2144),
(139, 48, '2024-04-08', 106, 83, 45, 182, 134, 135, 95.1, '6\'49\"', 68, 20, 66, 491, 69, 12.36, 3636),
(140, 48, '2024-06-09', 108, 87, 64, 175, 122, 143, 96.7, '5\'54\"', 50, 18, 88, 361, 48, 62.77, 3988),
(141, 48, '2023-12-14', 85, 96, 57, 174, 153, 166, 98.5, '5\'32\"', 74, 64, 88, 454, 60, 25.27, 591),
(142, 48, '2024-10-16', 131, 82, 76, 162, 174, 167, 96.7, '8\'26\"', 68, 53, 67, 339, 31, 46.06, 3658),
(143, 48, '2023-10-24', 139, 176, 69, 192, 136, 145, 97.0, '8\'48\"', 56, 55, 64, 461, 64, 16.79, 232),
(144, 49, '2024-04-02', 80, 114, 74, 175, 132, 137, 96.5, '4\'12\"', 93, 46, 66, 414, 65, 56.91, 3344),
(145, 50, '2023-09-18', 93, 126, 71, 184, 129, 164, 96.0, '5\'47\"', 73, 39, 61, 463, 46, 18.23, 2174),
(146, 50, '2025-01-09', 101, 153, 56, 183, 161, 137, 97.1, '5\'15\"', 86, 42, 68, 337, 59, 43.22, 4402),
(147, 50, '2024-07-18', 140, 69, 47, 173, 150, 133, 95.8, '7\'56\"', 59, 71, 65, 429, 58, 5.86, 799),
(148, 50, '2023-11-26', 122, 177, 58, 186, 179, 156, 99.7, '6\'41\"', 63, 63, 88, 365, 59, 36.95, 2143),
(149, 50, '2023-10-23', 142, 143, 63, 185, 155, 139, 95.4, '6\'15\"', 51, 27, 89, 521, 46, 46.57, 4941),
(150, 51, '2024-04-09', 142, 146, 58, 169, 177, 149, 98.4, '5\'18\"', 60, 45, 81, 485, 65, 64.87, 3886),
(151, 51, '2024-01-17', 98, 113, 54, 172, 158, 159, 95.7, '8\'53\"', 69, 16, 87, 351, 64, 45.93, 4787),
(152, 52, '2024-12-27', 139, 70, 80, 165, 175, 165, 96.2, '5\'58\"', 60, 71, 77, 400, 64, 62.90, 4140),
(153, 53, '2024-07-17', 103, 85, 52, 177, 141, 160, 95.6, '8\'28\"', 53, 75, 65, 425, 65, 17.83, 3510),
(154, 53, '2024-04-07', 130, 96, 62, 183, 156, 158, 97.1, '7\'28\"', 67, 62, 72, 436, 46, 11.97, 3606),
(155, 53, '2024-05-08', 142, 132, 47, 184, 172, 158, 98.7, '5\'05\"', 59, 74, 68, 400, 37, 46.85, 4343),
(156, 53, '2024-03-04', 147, 119, 69, 180, 133, 135, 99.0, '4\'48\"', 76, 18, 82, 447, 63, 65.61, 382),
(157, 53, '2023-10-26', 138, 89, 80, 162, 180, 143, 95.9, '8\'26\"', 52, 80, 86, 497, 57, 54.48, 4783),
(158, 54, '2023-06-13', 90, 120, 57, 173, 142, 156, 99.5, '5\'12\"', 89, 41, 89, 381, 37, 44.03, 1928),
(159, 54, '2024-04-17', 130, 89, 66, 200, 122, 157, 96.7, '6\'28\"', 88, 65, 87, 513, 55, 28.84, 4134),
(160, 55, '2024-07-28', 120, 175, 74, 165, 130, 145, 98.4, '6\'56\"', 76, 15, 66, 393, 62, 57.50, 3795),
(161, 56, '2023-08-31', 88, 90, 64, 161, 150, 166, 97.6, '7\'25\"', 86, 48, 69, 411, 52, 68.17, 787),
(162, 56, '2023-09-14', 140, 97, 59, 173, 175, 156, 96.8, '5\'21\"', 60, 37, 63, 305, 48, 66.24, 695),
(163, 56, '2023-11-17', 116, 88, 50, 200, 138, 147, 97.1, '7\'33\"', 85, 10, 85, 374, 69, 15.32, 1477),
(164, 56, '2024-11-08', 84, 172, 47, 161, 170, 155, 98.5, '4\'49\"', 57, 76, 87, 329, 40, 61.27, 789),
(165, 56, '2025-03-29', 75, 111, 46, 195, 170, 136, 95.2, '5\'56\"', 63, 66, 72, 394, 62, 56.45, 3417),
(166, 57, '2024-08-06', 103, 177, 61, 161, 176, 168, 98.8, '6\'29\"', 93, 41, 68, 371, 33, 11.43, 226),
(167, 57, '2024-06-04', 135, 104, 62, 190, 157, 148, 95.4, '4\'41\"', 64, 72, 76, 519, 46, 51.97, 1915),
(168, 57, '2024-11-14', 131, 71, 45, 181, 165, 168, 99.2, '6\'28\"', 82, 33, 62, 463, 65, 22.22, 1031),
(169, 58, '2024-06-10', 114, 96, 71, 167, 122, 132, 95.4, '4\'37\"', 75, 51, 67, 522, 43, 60.57, 1487),
(170, 58, '2025-03-06', 97, 120, 68, 175, 131, 153, 96.1, '6\'37\"', 67, 74, 64, 410, 42, 54.47, 190),
(171, 59, '2024-03-18', 95, 143, 77, 187, 131, 138, 97.5, '7\'50\"', 77, 72, 88, 426, 39, 55.05, 4039),
(172, 60, '2024-05-14', 71, 107, 71, 199, 142, 139, 99.9, '4\'03\"', 72, 21, 67, 400, 38, 35.59, 4495),
(173, 60, '2023-09-11', 128, 113, 76, 191, 131, 164, 96.9, '6\'58\"', 82, 56, 90, 378, 35, 17.06, 2977),
(174, 60, '2023-06-04', 82, 101, 70, 167, 171, 159, 96.0, '7\'14\"', 95, 21, 63, 425, 55, 50.77, 3877),
(175, 60, '2024-10-17', 83, 61, 51, 196, 170, 145, 96.8, '5\'48\"', 81, 49, 60, 497, 70, 47.57, 4432),
(176, 61, '2024-09-23', 136, 105, 79, 177, 127, 150, 97.8, '8\'48\"', 68, 60, 78, 500, 46, 59.96, 2881),
(177, 61, '2025-04-11', 89, 65, 47, 163, 156, 157, 95.7, '8\'11\"', 92, 55, 70, 438, 55, 45.67, 1493),
(178, 62, '2024-02-19', 124, 141, 60, 194, 121, 151, 99.2, '6\'51\"', 80, 24, 63, 516, 65, 44.80, 117),
(179, 62, '2023-12-20', 129, 118, 55, 168, 167, 167, 98.2, '4\'38\"', 54, 63, 70, 491, 69, 61.95, 2213),
(180, 62, '2023-10-14', 141, 84, 76, 199, 168, 154, 98.4, '5\'36\"', 51, 75, 88, 529, 51, 25.59, 1430),
(181, 63, '2024-06-10', 129, 81, 57, 162, 180, 144, 97.9, '5\'12\"', 87, 11, 80, 460, 56, 24.82, 1233),
(182, 63, '2024-12-11', 90, 82, 49, 170, 168, 138, 98.2, '6\'35\"', 56, 57, 73, 417, 58, 21.39, 2201),
(183, 64, '2023-11-18', 144, 124, 64, 199, 145, 156, 96.5, '4\'06\"', 76, 40, 77, 433, 68, 40.16, 820),
(184, 64, '2023-06-10', 134, 102, 67, 175, 176, 155, 98.0, '7\'49\"', 80, 50, 89, 405, 69, 17.53, 1708),
(185, 64, '2024-02-25', 98, 71, 53, 195, 137, 151, 99.2, '5\'04\"', 54, 48, 63, 374, 41, 9.63, 1906),
(186, 64, '2025-01-23', 100, 168, 46, 179, 149, 158, 99.0, '7\'52\"', 57, 47, 90, 360, 31, 58.75, 1857),
(187, 65, '2024-06-13', 124, 138, 67, 175, 154, 134, 98.1, '6\'52\"', 50, 70, 66, 490, 48, 45.10, 3244),
(188, 65, '2023-07-21', 112, 130, 50, 197, 136, 132, 97.2, '7\'35\"', 63, 39, 64, 326, 49, 60.48, 796),
(189, 65, '2023-11-01', 77, 95, 61, 161, 123, 131, 98.4, '8\'21\"', 61, 23, 83, 540, 62, 66.68, 2107),
(190, 66, '2024-05-20', 121, 74, 79, 181, 141, 156, 99.0, '6\'38\"', 71, 65, 77, 471, 66, 41.84, 1851),
(191, 66, '2023-12-30', 83, 173, 72, 169, 128, 133, 98.1, '5\'09\"', 79, 25, 83, 476, 39, 54.48, 263),
(192, 66, '2024-04-03', 108, 108, 63, 173, 171, 156, 97.1, '8\'43\"', 75, 25, 86, 449, 57, 31.27, 3874),
(193, 66, '2023-11-26', 71, 103, 75, 179, 142, 167, 99.5, '5\'33\"', 52, 76, 80, 431, 43, 12.18, 4261),
(194, 67, '2024-03-11', 85, 63, 75, 190, 174, 151, 95.2, '5\'52\"', 77, 44, 83, 365, 48, 63.52, 1202),
(195, 67, '2024-02-26', 134, 151, 77, 177, 133, 149, 98.4, '8\'17\"', 57, 63, 86, 334, 35, 56.10, 420),
(196, 67, '2024-10-07', 86, 103, 62, 199, 151, 152, 99.8, '6\'07\"', 81, 18, 84, 424, 47, 28.30, 1607),
(197, 67, '2024-04-04', 88, 132, 79, 175, 128, 153, 95.5, '4\'32\"', 53, 70, 82, 372, 68, 7.54, 293),
(198, 68, '2024-08-12', 104, 168, 80, 170, 139, 159, 98.6, '5\'19\"', 77, 20, 86, 308, 34, 41.39, 4797),
(199, 68, '2025-01-12', 139, 170, 78, 175, 178, 150, 96.8, '4\'50\"', 87, 12, 63, 394, 40, 44.64, 3671),
(200, 68, '2023-11-02', 82, 62, 49, 181, 127, 156, 95.8, '4\'44\"', 82, 24, 75, 481, 34, 42.65, 4815),
(201, 69, '2024-09-07', 78, 164, 53, 196, 152, 140, 97.7, '8\'23\"', 67, 64, 89, 483, 42, 57.49, 1968),
(202, 70, '2025-03-03', 126, 158, 70, 192, 128, 167, 98.5, '7\'46\"', 64, 57, 86, 315, 47, 27.97, 2557),
(203, 70, '2025-04-10', 81, 69, 64, 160, 146, 139, 95.0, '6\'31\"', 59, 30, 71, 428, 37, 21.66, 4100),
(204, 70, '2024-04-03', 110, 165, 56, 170, 173, 141, 97.2, '4\'53\"', 90, 52, 77, 391, 31, 22.33, 530),
(205, 70, '2023-06-03', 150, 139, 65, 172, 166, 143, 98.5, '7\'27\"', 95, 46, 66, 524, 51, 44.04, 4404),
(206, 71, '2023-07-10', 117, 116, 46, 181, 125, 141, 95.4, '4\'02\"', 63, 34, 67, 526, 32, 51.11, 1288),
(207, 71, '2024-11-19', 101, 118, 79, 172, 169, 138, 99.3, '6\'26\"', 67, 16, 60, 469, 50, 69.91, 1392),
(208, 71, '2025-03-08', 127, 164, 63, 162, 137, 142, 96.4, '6\'16\"', 65, 13, 82, 357, 68, 15.10, 3434),
(209, 72, '2023-10-22', 141, 134, 80, 192, 128, 132, 96.4, '8\'06\"', 61, 73, 65, 497, 45, 55.22, 3003),
(210, 72, '2024-04-03', 78, 106, 75, 175, 164, 170, 95.5, '4\'06\"', 82, 10, 81, 467, 42, 44.11, 4110),
(211, 72, '2024-07-05', 121, 65, 59, 163, 147, 170, 97.9, '7\'23\"', 83, 26, 75, 346, 35, 59.64, 154),
(212, 73, '2024-01-19', 137, 83, 75, 165, 149, 149, 96.1, '6\'56\"', 57, 25, 75, 317, 38, 51.56, 1761),
(213, 73, '2023-07-02', 73, 71, 49, 197, 178, 139, 96.6, '6\'59\"', 53, 24, 81, 502, 64, 29.66, 2812),
(214, 73, '2025-03-25', 125, 96, 52, 185, 167, 156, 99.9, '5\'00\"', 85, 60, 75, 309, 34, 6.75, 4238),
(215, 73, '2024-08-15', 147, 78, 79, 186, 169, 165, 98.9, '4\'35\"', 62, 70, 80, 481, 37, 9.54, 4360),
(216, 73, '2024-07-28', 113, 166, 52, 175, 155, 144, 95.7, '5\'13\"', 60, 61, 61, 463, 50, 59.90, 613),
(217, 74, '2024-09-15', 132, 71, 62, 173, 171, 157, 98.6, '4\'52\"', 93, 43, 62, 314, 49, 35.91, 3771),
(218, 74, '2024-04-08', 72, 158, 79, 191, 168, 169, 97.2, '5\'25\"', 89, 54, 75, 509, 59, 39.67, 3155),
(219, 74, '2024-03-24', 133, 143, 67, 198, 135, 142, 95.4, '7\'12\"', 56, 51, 70, 418, 68, 11.73, 1692),
(220, 74, '2023-12-22', 137, 80, 62, 190, 133, 162, 96.1, '7\'49\"', 77, 71, 84, 449, 69, 47.91, 1568),
(221, 74, '2023-10-28', 100, 116, 60, 180, 179, 141, 99.0, '8\'52\"', 61, 74, 81, 540, 53, 42.62, 1210),
(222, 75, '2023-06-04', 141, 120, 62, 186, 142, 136, 96.4, '8\'46\"', 54, 32, 60, 430, 54, 65.65, 1125),
(223, 75, '2023-09-20', 86, 161, 79, 166, 158, 157, 95.4, '6\'06\"', 93, 26, 79, 318, 60, 23.39, 2414),
(224, 75, '2024-08-01', 104, 125, 56, 191, 120, 143, 98.3, '4\'48\"', 94, 61, 76, 453, 54, 32.06, 1423),
(225, 75, '2024-07-01', 100, 169, 49, 194, 137, 132, 95.4, '4\'12\"', 95, 41, 82, 500, 48, 28.21, 4344),
(226, 76, '2024-05-08', 127, 115, 46, 179, 178, 131, 98.8, '6\'40\"', 53, 62, 76, 470, 38, 29.76, 4467),
(227, 77, '2024-06-10', 93, 101, 68, 172, 142, 142, 99.5, '8\'26\"', 55, 78, 78, 404, 47, 69.54, 891),
(228, 77, '2023-10-04', 70, 151, 73, 165, 155, 160, 96.7, '8\'30\"', 68, 33, 65, 363, 40, 11.66, 1367),
(229, 77, '2024-10-01', 92, 166, 52, 187, 147, 166, 95.1, '5\'12\"', 77, 26, 88, 322, 49, 60.49, 2143),
(230, 78, '2023-10-27', 107, 116, 55, 160, 171, 169, 98.1, '6\'01\"', 73, 43, 70, 412, 58, 21.65, 2669),
(231, 78, '2024-02-20', 85, 117, 78, 191, 163, 130, 99.7, '4\'37\"', 91, 67, 74, 531, 64, 34.03, 3381),
(232, 78, '2024-04-13', 84, 140, 56, 175, 125, 150, 96.4, '6\'20\"', 83, 44, 61, 396, 46, 27.56, 1616),
(233, 78, '2024-08-22', 85, 128, 73, 181, 144, 153, 97.9, '8\'10\"', 61, 33, 77, 372, 40, 23.29, 1583),
(234, 78, '2025-02-20', 137, 176, 68, 176, 151, 156, 98.3, '8\'35\"', 66, 35, 70, 378, 54, 9.26, 1358),
(235, 79, '2024-10-28', 97, 60, 73, 169, 159, 144, 98.4, '6\'06\"', 79, 68, 84, 513, 68, 55.70, 1678),
(236, 80, '2024-10-21', 78, 62, 49, 165, 166, 135, 99.6, '5\'35\"', 53, 42, 76, 523, 58, 55.71, 4176),
(237, 80, '2024-03-09', 145, 76, 65, 200, 142, 130, 96.0, '5\'27\"', 86, 25, 76, 500, 54, 69.32, 2399),
(238, 80, '2024-07-16', 115, 116, 58, 176, 121, 150, 99.6, '8\'09\"', 74, 61, 71, 502, 61, 27.92, 4510),
(239, 81, '2023-07-17', 74, 175, 78, 183, 150, 160, 95.4, '8\'45\"', 62, 33, 68, 530, 57, 45.40, 4944),
(240, 81, '2025-02-06', 104, 178, 48, 178, 123, 168, 95.6, '6\'40\"', 66, 32, 75, 328, 49, 51.62, 834),
(241, 82, '2024-12-24', 135, 173, 68, 199, 175, 148, 96.9, '8\'52\"', 92, 57, 72, 481, 50, 7.27, 117),
(242, 82, '2023-08-07', 83, 103, 64, 195, 172, 133, 99.3, '6\'20\"', 81, 28, 70, 382, 31, 34.67, 3689),
(243, 83, '2023-12-16', 141, 82, 47, 164, 148, 143, 97.0, '8\'48\"', 95, 59, 81, 400, 57, 10.53, 4538),
(244, 83, '2025-01-13', 128, 169, 48, 173, 162, 143, 98.6, '7\'23\"', 63, 16, 80, 340, 37, 26.89, 1423),
(245, 83, '2024-11-28', 142, 123, 48, 181, 151, 145, 95.9, '6\'56\"', 92, 17, 87, 392, 50, 65.01, 1680),
(246, 83, '2025-04-16', 111, 99, 74, 187, 125, 170, 96.6, '7\'26\"', 83, 78, 80, 321, 43, 27.06, 2762),
(247, 84, '2023-12-03', 71, 112, 67, 199, 140, 163, 97.8, '6\'24\"', 77, 39, 86, 339, 37, 50.93, 1561),
(248, 84, '2025-03-19', 130, 134, 79, 174, 136, 137, 99.1, '8\'42\"', 53, 35, 70, 486, 50, 13.92, 4207),
(249, 85, '2023-08-23', 148, 127, 55, 196, 163, 146, 96.1, '8\'49\"', 91, 16, 71, 320, 61, 46.86, 2172),
(250, 85, '2025-04-04', 114, 124, 46, 196, 143, 160, 99.3, '6\'30\"', 66, 45, 79, 369, 32, 36.27, 2306),
(251, 85, '2024-11-15', 100, 161, 73, 164, 168, 139, 98.0, '5\'08\"', 51, 67, 69, 439, 47, 6.94, 1238),
(252, 86, '2023-08-01', 77, 120, 66, 194, 129, 159, 98.8, '7\'01\"', 52, 48, 66, 436, 61, 63.38, 946),
(253, 86, '2025-01-26', 112, 156, 67, 181, 124, 155, 96.3, '5\'29\"', 95, 65, 76, 540, 40, 19.92, 2185),
(254, 86, '2023-09-18', 138, 84, 48, 171, 162, 139, 98.9, '6\'25\"', 54, 20, 60, 407, 38, 53.06, 2108),
(255, 87, '2025-02-04', 145, 149, 47, 177, 163, 138, 98.8, '7\'02\"', 60, 60, 61, 445, 67, 18.78, 2713),
(256, 88, '2024-04-11', 88, 163, 56, 189, 176, 130, 97.9, '6\'00\"', 62, 28, 85, 520, 49, 67.94, 4857),
(257, 89, '2024-03-24', 118, 176, 56, 166, 165, 139, 99.6, '7\'49\"', 68, 16, 84, 488, 55, 38.40, 744),
(258, 90, '2024-08-25', 96, 148, 71, 196, 120, 138, 96.0, '7\'57\"', 73, 59, 84, 396, 69, 40.28, 549),
(259, 90, '2023-06-18', 144, 146, 74, 176, 137, 147, 96.7, '6\'43\"', 74, 60, 66, 527, 57, 57.98, 3269),
(260, 90, '2024-11-27', 139, 80, 66, 191, 153, 170, 95.6, '7\'22\"', 62, 45, 79, 513, 66, 44.97, 308),
(261, 90, '2024-03-22', 127, 115, 68, 170, 169, 135, 95.0, '4\'10\"', 76, 50, 76, 480, 54, 48.63, 3459),
(262, 90, '2024-02-18', 73, 92, 75, 161, 171, 152, 97.0, '7\'58\"', 89, 71, 85, 494, 56, 12.94, 2213),
(263, 91, '2023-12-24', 116, 142, 62, 191, 158, 147, 95.4, '8\'36\"', 95, 60, 76, 413, 31, 39.70, 478),
(264, 91, '2025-04-30', 98, 88, 63, 175, 128, 146, 98.2, '6\'42\"', 68, 41, 66, 492, 67, 13.46, 573),
(265, 92, '2024-04-11', 117, 80, 64, 183, 162, 137, 98.1, '6\'13\"', 69, 29, 87, 334, 64, 7.61, 3759),
(266, 92, '2024-12-02', 108, 177, 76, 182, 141, 150, 96.3, '5\'50\"', 82, 23, 70, 519, 35, 64.46, 1837),
(267, 92, '2023-07-12', 110, 60, 67, 191, 177, 157, 99.0, '7\'59\"', 56, 24, 74, 468, 37, 31.65, 2865),
(268, 92, '2023-06-23', 139, 120, 60, 184, 163, 162, 95.9, '4\'10\"', 91, 34, 79, 326, 53, 29.41, 1027),
(269, 93, '2023-11-23', 141, 156, 64, 200, 126, 131, 97.2, '4\'55\"', 79, 43, 66, 524, 42, 55.77, 173),
(270, 94, '2023-12-23', 143, 89, 64, 197, 153, 143, 98.7, '7\'17\"', 51, 69, 77, 482, 69, 26.92, 789),
(271, 94, '2023-06-12', 137, 148, 62, 172, 141, 160, 98.5, '5\'40\"', 63, 40, 80, 532, 40, 34.62, 1558),
(272, 94, '2023-08-09', 132, 147, 78, 171, 146, 143, 99.7, '7\'16\"', 63, 56, 77, 459, 31, 10.91, 2405),
(273, 95, '2024-06-22', 117, 167, 59, 174, 135, 151, 95.4, '6\'37\"', 63, 75, 71, 530, 45, 7.99, 4664),
(274, 95, '2023-09-17', 117, 116, 56, 184, 131, 145, 98.5, '6\'41\"', 52, 38, 60, 474, 55, 13.73, 287),
(275, 95, '2024-07-09', 70, 113, 69, 179, 146, 133, 95.8, '8\'14\"', 86, 77, 73, 439, 70, 9.23, 802),
(276, 96, '2024-07-12', 108, 121, 57, 183, 172, 154, 96.3, '6\'35\"', 74, 67, 75, 345, 43, 55.98, 1708),
(277, 97, '2024-03-30', 128, 116, 69, 199, 132, 150, 95.1, '4\'51\"', 52, 19, 87, 427, 49, 40.49, 3702),
(278, 97, '2024-08-08', 73, 141, 48, 167, 165, 133, 96.1, '6\'46\"', 92, 63, 84, 348, 45, 31.98, 4523),
(279, 98, '2024-02-10', 124, 60, 59, 185, 158, 153, 99.8, '6\'32\"', 69, 46, 61, 403, 70, 36.86, 980),
(280, 98, '2024-02-28', 104, 62, 60, 166, 135, 132, 96.4, '5\'18\"', 57, 63, 84, 519, 34, 44.50, 4663),
(281, 98, '2023-09-19', 97, 111, 75, 176, 135, 165, 99.2, '4\'59\"', 56, 55, 82, 420, 40, 56.19, 2028),
(282, 98, '2023-08-02', 103, 153, 62, 162, 175, 133, 99.8, '8\'43\"', 66, 72, 60, 433, 31, 22.87, 1124),
(283, 98, '2023-07-24', 109, 147, 65, 164, 173, 131, 99.2, '6\'19\"', 53, 62, 67, 455, 58, 39.51, 1911),
(284, 99, '2023-05-28', 149, 127, 80, 174, 135, 145, 99.3, '4\'35\"', 85, 72, 83, 508, 48, 26.28, 1697),
(285, 100, '2023-06-08', 105, 142, 56, 169, 141, 131, 98.7, '7\'02\"', 53, 23, 66, 354, 33, 53.86, 3611),
(286, 100, '2025-02-20', 100, 137, 76, 163, 169, 165, 95.2, '7\'22\"', 52, 72, 81, 520, 32, 51.30, 4434),
(287, 100, '2023-11-30', 146, 77, 53, 194, 155, 159, 97.9, '5\'42\"', 90, 69, 80, 311, 57, 7.23, 1754),
(288, 101, '2023-09-23', 100, 159, 48, 170, 138, 168, 98.9, '6\'50\"', 72, 45, 68, 431, 31, 38.42, 4795),
(289, 101, '2025-02-15', 104, 81, 50, 192, 144, 157, 99.3, '8\'57\"', 82, 18, 64, 338, 67, 29.89, 1352),
(290, 101, '2024-08-02', 125, 62, 74, 184, 160, 161, 97.9, '8\'27\"', 55, 36, 68, 361, 44, 36.13, 4515),
(291, 101, '2024-07-23', 72, 134, 60, 177, 165, 138, 98.9, '7\'23\"', 94, 25, 86, 373, 47, 47.03, 3151);

-- --------------------------------------------------------

--
-- 表的结构 `progress_goals`
--

CREATE TABLE `progress_goals` (
  `id` int NOT NULL,
  `user_id` int DEFAULT NULL,
  `title` varchar(100) CHARACTER SET utf8mb4 COLLATE utf8mb4_0900_ai_ci DEFAULT NULL COMMENT '目标标题',
  `current_value` decimal(8,2) DEFAULT NULL COMMENT '当前值',
  `target_value` decimal(8,2) DEFAULT NULL COMMENT '目标值',
  `category` varchar(30) CHARACTER SET utf8mb4 COLLATE utf8mb4_0900_ai_ci DEFAULT NULL COMMENT '目标类别',
  `deadline` date DEFAULT NULL COMMENT '截止日期',
  `created_at` timestamp NULL DEFAULT CURRENT_TIMESTAMP
) ENGINE=InnoDB DEFAULT CHARSET=utf8mb4 COLLATE=utf8mb4_0900_ai_ci ROW_FORMAT=DYNAMIC;

--
-- 转存表中的数据 `progress_goals`
--

INSERT INTO `progress_goals` (`id`, `user_id`, `title`, `current_value`, `target_value`, `category`, `deadline`, `created_at`) VALUES
(1, 2, '市场的话发表情况来源.', 97.68, 466.77, '体重', '2026-05-20', '2025-05-26 23:21:56'),
(2, 2, '工程地方政府.', 203.26, 457.52, '距离', '2025-07-28', '2025-05-26 23:21:56'),
(3, 2, '网站分析精华文件当前准备.', 444.16, 477.43, '配速', '2025-12-28', '2025-05-26 23:21:56'),
(4, 2, '必须全部注意.', 290.30, 755.13, '时长', '2026-01-31', '2025-05-26 23:21:56'),
(5, 3, '资源而且项目标准各种男人.', 237.69, 262.83, '跑量', '2025-06-16', '2025-05-26 23:21:56'),
(6, 3, '公司然后作品出现地区.', 117.76, 481.27, '跑量', '2025-11-13', '2025-05-26 23:21:56'),
(7, 4, '安全更新企业一般发布.', 333.57, 489.30, '距离', '2025-10-03', '2025-05-26 23:21:56'),
(8, 4, '控制各种一点最后提高直接.', 239.10, 391.31, '跑量', '2025-08-19', '2025-05-26 23:21:56'),
(9, 4, '他的其他成为那么更新.', 45.74, 251.07, '时长', '2025-11-05', '2025-05-26 23:21:56'),
(10, 4, '以上不能比较不会投资网站.', 65.57, 406.61, '跑量', '2025-06-06', '2025-05-26 23:21:56'),
(11, 5, '他们其中不要公司.', 117.67, 297.64, '时长', '2026-03-13', '2025-05-26 23:21:56'),
(12, 5, '还有产品我们作为留言日期.', 40.96, 271.98, '距离', '2025-07-03', '2025-05-26 23:21:56'),
(13, 5, '更新然后应该文章.', 467.32, 958.18, '时长', '2026-01-23', '2025-05-26 23:21:56'),
(14, 5, '用户是否品牌.', 494.96, 961.90, '时长', '2025-10-15', '2025-05-26 23:21:56'),
(15, 5, '重要特别记者积分.', 450.98, 875.87, '体重', '2025-12-15', '2025-05-26 23:21:56'),
(16, 6, '查看评论学习使用主要.', 353.15, 648.24, '时长', '2025-07-19', '2025-05-26 23:21:56'),
(17, 7, '中心搜索技术.', 306.94, 367.58, '体重', '2026-05-19', '2025-05-26 23:21:56'),
(18, 7, '以上其他所以这里.', 385.45, 406.85, '配速', '2025-10-20', '2025-05-26 23:21:56'),
(19, 7, '加入合作之间.', 496.39, 772.06, '跑量', '2026-01-11', '2025-05-26 23:21:56'),
(20, 8, '进入决定一切部分社区.', 137.66, 165.65, '时长', '2026-03-04', '2025-05-26 23:21:56'),
(21, 8, '位置工程自己参加汽车计划.', 361.39, 583.64, '配速', '2026-04-30', '2025-05-26 23:21:56'),
(22, 9, '一个你的行业.', 373.79, 629.30, '跑量', '2025-08-19', '2025-05-26 23:21:56'),
(23, 9, '他们有限商品用户其实.', 394.80, 873.62, '配速', '2026-04-10', '2025-05-26 23:21:56'),
(24, 9, '情况一定威望设备不过语言.', 228.49, 242.16, '距离', '2026-02-16', '2025-05-26 23:21:56'),
(25, 10, '拥有公司搜索地区详细.', 176.63, 581.09, '距离', '2026-03-22', '2025-05-26 23:21:56'),
(26, 10, '市场关于经济不断帮助.', 327.09, 483.54, '体重', '2025-07-25', '2025-05-26 23:21:56'),
(27, 10, '基本继续业务.', 266.32, 299.32, '跑量', '2026-05-03', '2025-05-26 23:21:56'),
(28, 10, '在线应用这样.', 213.38, 310.73, '距离', '2025-07-27', '2025-05-26 23:21:56'),
(29, 10, '发生一般东西.', 447.23, 725.03, '体重', '2026-05-15', '2025-05-26 23:21:56'),
(30, 11, '客户专业的人.', 95.31, 269.95, '跑量', '2025-12-22', '2025-05-26 23:21:56'),
(31, 11, '您的比较等级资料.', 309.28, 469.50, '体重', '2026-05-09', '2025-05-26 23:21:56'),
(32, 11, '实现时候中文注册.', 23.39, 379.50, '时长', '2025-05-27', '2025-05-26 23:21:56'),
(33, 11, '安全通过详细可是您的.', 175.41, 381.99, '跑量', '2025-06-23', '2025-05-26 23:21:56'),
(34, 11, '欢迎非常欢迎.', 435.49, 642.66, '跑量', '2026-05-11', '2025-05-26 23:21:56'),
(35, 12, '上海谢谢任何汽车时候合作.', 63.86, 469.41, '体重', '2025-11-03', '2025-05-26 23:21:56'),
(36, 12, '更新在线系统原因.', 183.27, 522.54, '跑量', '2026-02-04', '2025-05-26 23:21:56'),
(37, 12, '一般市场提供.', 207.66, 470.05, '体重', '2025-10-24', '2025-05-26 23:21:56'),
(38, 13, '游戏运行历史在线您的.', 192.53, 420.40, '距离', '2026-03-05', '2025-05-26 23:21:56'),
(39, 13, '上海解决还是来源运行重要.', 470.16, 694.76, '距离', '2025-12-02', '2025-05-26 23:21:56'),
(40, 14, '你们使用科技美国决定.', 407.09, 773.48, '距离', '2026-05-01', '2025-05-26 23:21:56'),
(41, 14, '虽然国内今天控制资源.', 26.96, 42.01, '距离', '2025-07-25', '2025-05-26 23:21:56'),
(42, 15, '虽然点击控制比较孩子.', 23.64, 54.45, '跑量', '2025-11-19', '2025-05-26 23:21:56'),
(43, 15, '社区社区来源.', 283.45, 756.22, '配速', '2025-07-30', '2025-05-26 23:21:56'),
(44, 15, '发展这个没有问题.', 190.86, 663.12, '跑量', '2025-11-21', '2025-05-26 23:21:56'),
(45, 15, '应用简介位置而且不同.', 41.70, 102.87, '时长', '2025-10-26', '2025-05-26 23:21:56'),
(46, 16, '大小选择或者正在一次.', 362.19, 791.45, '体重', '2025-12-03', '2025-05-26 23:21:56'),
(47, 16, '数据深圳软件.', 278.52, 490.31, '跑量', '2025-12-24', '2025-05-26 23:21:56'),
(48, 17, '内容为了以后.', 91.07, 286.32, '跑量', '2025-10-31', '2025-05-26 23:21:56'),
(49, 17, '已经一种北京觉得.', 342.58, 426.46, '跑量', '2025-06-02', '2025-05-26 23:21:56'),
(50, 17, '这样因此发表过程.', 213.22, 272.85, '跑量', '2026-03-28', '2025-05-26 23:21:56'),
(51, 17, '准备地方支持.', 53.81, 447.05, '跑量', '2025-12-02', '2025-05-26 23:21:56'),
(52, 18, '中国关于科技只要一下.', 120.82, 164.18, '跑量', '2026-04-27', '2025-05-26 23:21:56'),
(53, 18, '类型图片这是评论网上这是.', 308.08, 477.11, '时长', '2026-05-13', '2025-05-26 23:21:56'),
(54, 18, '我的可能产品不能规定准备.', 425.83, 685.86, '体重', '2026-05-11', '2025-05-26 23:21:56'),
(55, 18, '一切你们免费也是工作在线.', 68.15, 563.19, '距离', '2025-11-02', '2025-05-26 23:21:56'),
(56, 19, '搜索会员希望.', 376.44, 832.97, '距离', '2025-08-23', '2025-05-26 23:21:56'),
(57, 19, '一点那么以上.', 327.51, 701.04, '配速', '2025-10-27', '2025-05-26 23:21:56'),
(58, 19, '类别语言品牌虽然.', 126.79, 289.32, '时长', '2026-01-28', '2025-05-26 23:21:56'),
(59, 19, '政府音乐首页.', 277.43, 565.73, '体重', '2025-08-13', '2025-05-26 23:21:56'),
(60, 19, '事情文章决定.', 429.68, 674.09, '配速', '2025-11-23', '2025-05-26 23:21:56'),
(61, 20, '信息市场网站目前当前联系.', 301.85, 334.17, '配速', '2026-03-29', '2025-05-26 23:21:56'),
(62, 20, '知道还有搜索部分回复环境.', 418.84, 805.64, '配速', '2025-09-08', '2025-05-26 23:21:56'),
(63, 20, '深圳很多那么分析项目那个.', 327.51, 614.88, '配速', '2025-07-10', '2025-05-26 23:21:56'),
(64, 20, '公司作为这里孩子建设.', 164.11, 622.38, '配速', '2025-07-16', '2025-05-26 23:21:56'),
(65, 21, '事情品牌内容其实一直类别.', 368.49, 439.69, '配速', '2026-01-10', '2025-05-26 23:21:56'),
(66, 21, '时间制作所有.', 62.09, 204.52, '配速', '2026-04-01', '2025-05-26 23:21:56'),
(67, 21, '日本责任帮助详细或者.', 76.98, 195.02, '距离', '2025-12-18', '2025-05-26 23:21:56'),
(68, 22, '可能各种空间可以电子联系.', 428.44, 507.72, '配速', '2025-11-18', '2025-05-26 23:22:07'),
(69, 23, '应该工程今年今天.', 1.01, 340.93, '体重', '2025-08-31', '2025-05-26 23:22:07'),
(70, 23, '质量学校基本原因.', 451.35, 790.80, '时长', '2026-03-04', '2025-05-26 23:22:07'),
(71, 23, '部分美国商品精华准备.', 222.63, 667.30, '距离', '2025-09-14', '2025-05-26 23:22:07'),
(72, 23, '根据不会表示市场.', 326.70, 558.37, '跑量', '2025-09-24', '2025-05-26 23:22:07'),
(73, 24, '方面报告教育.', 454.17, 944.70, '配速', '2025-10-16', '2025-05-26 23:22:07'),
(74, 24, '必须计划那些网络状态作为.', 285.90, 341.05, '时长', '2026-04-22', '2025-05-26 23:22:07'),
(75, 24, '深圳发展方面计划.', 117.29, 561.67, '配速', '2026-03-26', '2025-05-26 23:22:07'),
(76, 25, '推荐发表标题论坛精华网络.', 430.03, 695.66, '体重', '2025-12-11', '2025-05-26 23:22:07'),
(77, 25, '起来过程要求.', 4.32, 424.68, '跑量', '2025-10-26', '2025-05-26 23:22:07'),
(78, 25, '业务管理什么地区功能联系.', 413.34, 694.35, '时长', '2025-12-08', '2025-05-26 23:22:07'),
(79, 25, '这样免费日本文件.', 364.03, 822.56, '体重', '2025-09-02', '2025-05-26 23:22:07'),
(80, 26, '商品论坛学校本站无法.', 154.14, 462.20, '时长', '2026-05-22', '2025-05-26 23:22:07'),
(81, 26, '社会社会在线一直.', 135.33, 596.07, '距离', '2026-01-16', '2025-05-26 23:22:07'),
(82, 27, '国际需要会员朋友.', 497.31, 823.96, '距离', '2025-08-13', '2025-05-26 23:22:07'),
(83, 28, '方法评论今天可能.', 406.93, 572.28, '体重', '2026-05-06', '2025-05-26 23:22:07'),
(84, 29, '一样问题人民.', 117.68, 363.48, '距离', '2025-06-23', '2025-05-26 23:22:07'),
(85, 30, '不能你的内容什么网站注意.', 105.62, 561.07, '距离', '2026-05-09', '2025-05-26 23:22:07'),
(86, 31, '帖子以及发表一些开始.', 262.40, 285.80, '配速', '2026-01-17', '2025-05-26 23:22:07'),
(87, 31, '主题系统决定选择基本.', 432.80, 767.22, '配速', '2026-02-07', '2025-05-26 23:22:07'),
(88, 31, '一定事情开始.', 379.65, 414.84, '体重', '2025-06-01', '2025-05-26 23:22:07'),
(89, 32, '注册很多精华行业建设.', 430.94, 759.95, '时长', '2025-08-25', '2025-05-26 23:22:07'),
(90, 32, '主题根据项目企业.', 322.93, 731.48, '跑量', '2025-07-29', '2025-05-26 23:22:07'),
(91, 32, '教育你的非常.', 353.61, 545.15, '时长', '2026-01-12', '2025-05-26 23:22:07'),
(92, 33, '重要之后是否游戏对于地方.', 353.16, 399.21, '配速', '2026-03-01', '2025-05-26 23:22:07'),
(93, 33, '方法合作比较管理服务.', 11.09, 44.37, '配速', '2025-06-03', '2025-05-26 23:22:07'),
(94, 33, '政府不是一般科技社会.', 12.15, 214.60, '跑量', '2025-07-27', '2025-05-26 23:22:07'),
(95, 33, '威望政府你们国家知道不是拥有.', 415.04, 649.81, '距离', '2025-11-20', '2025-05-26 23:22:07'),
(96, 33, '也是企业时间准备.', 467.56, 661.91, '体重', '2025-12-31', '2025-05-26 23:22:07'),
(97, 34, '不要威望相关包括.', 357.64, 700.84, '体重', '2026-03-10', '2025-05-26 23:22:07'),
(98, 34, '没有出来谢谢问题类型研究.', 31.54, 510.53, '距离', '2025-08-17', '2025-05-26 23:22:07'),
(99, 35, '说明进行工作计划广告更多.', 204.71, 499.84, '体重', '2025-07-08', '2025-05-26 23:22:07'),
(100, 36, '程序大学准备有限无法.', 126.10, 567.91, '时长', '2025-07-13', '2025-05-26 23:22:07'),
(101, 36, '有关觉得登录你的看到.', 375.49, 738.30, '配速', '2026-04-20', '2025-05-26 23:22:07'),
(102, 36, '地区电子标准.', 475.78, 507.64, '跑量', '2025-06-17', '2025-05-26 23:22:07'),
(103, 36, '个人品牌今天无法的是的人.', 361.90, 823.21, '配速', '2026-05-08', '2025-05-26 23:22:07'),
(104, 36, '大小到了简介语言.', 265.41, 601.46, '距离', '2026-05-07', '2025-05-26 23:22:07'),
(105, 37, '状态可以来源管理技术社会.', 460.10, 757.99, '距离', '2026-02-27', '2025-05-26 23:22:07'),
(106, 37, '根据回复其他公司感觉.', 294.56, 610.38, '距离', '2026-01-27', '2025-05-26 23:22:07'),
(107, 37, '管理如何可以发表帖子.', 41.25, 259.61, '体重', '2026-03-31', '2025-05-26 23:22:07'),
(108, 37, '那个能力其实一下.', 110.20, 357.69, '跑量', '2025-09-11', '2025-05-26 23:22:07'),
(109, 38, '生活推荐拥有什么市场孩子.', 387.65, 837.30, '距离', '2025-08-03', '2025-05-26 23:22:07'),
(110, 38, '提供一般这个类型国内系列.', 91.51, 319.59, '时长', '2026-01-05', '2025-05-26 23:22:07'),
(111, 38, '如果状态方面各种资源文章.', 29.91, 299.55, '体重', '2025-07-13', '2025-05-26 23:22:07'),
(112, 39, '市场设备影响工具人民.', 493.99, 685.79, '时长', '2025-10-22', '2025-05-26 23:22:07'),
(113, 40, '政府他的看到为了日本.', 372.42, 584.38, '时长', '2025-11-02', '2025-05-26 23:22:07'),
(114, 40, '是否由于环境.', 254.57, 526.85, '时长', '2025-06-27', '2025-05-26 23:22:07'),
(115, 40, '其实产品其他浏览位置.', 316.65, 732.63, '配速', '2025-12-03', '2025-05-26 23:22:07'),
(116, 40, '那个电话您的使用这么时间.', 241.44, 320.19, '体重', '2026-05-25', '2025-05-26 23:22:07'),
(117, 41, '建设关系项目这是.', 107.18, 281.37, '距离', '2025-10-04', '2025-05-26 23:22:07'),
(118, 41, '空间之间经济.', 45.35, 261.41, '体重', '2025-07-04', '2025-05-26 23:22:07'),
(119, 42, '就是简介怎么一起任何.', 163.31, 211.22, '距离', '2026-05-21', '2025-05-26 23:24:30'),
(120, 42, '知道由于出来积分时间开始关系.', 190.15, 594.94, '时长', '2026-05-14', '2025-05-26 23:24:30'),
(121, 42, '很多推荐网站信息.', 374.15, 717.11, '体重', '2026-02-03', '2025-05-26 23:24:30'),
(122, 42, '免费生活研究.', 473.49, 810.09, '时长', '2026-01-25', '2025-05-26 23:24:30'),
(123, 42, '搜索部分数据成功.', 298.12, 514.75, '体重', '2025-10-15', '2025-05-26 23:24:30'),
(124, 43, '帖子价格美国.', 441.65, 590.54, '时长', '2026-04-14', '2025-05-26 23:24:30'),
(125, 43, '联系价格发现的话时候.', 240.78, 469.04, '距离', '2026-04-26', '2025-05-26 23:24:30'),
(126, 44, '搜索重要一个内容.', 405.24, 737.54, '体重', '2026-03-28', '2025-05-26 23:24:30'),
(127, 45, '行业或者这是运行研究.', 29.35, 155.80, '配速', '2026-03-02', '2025-05-26 23:24:30'),
(128, 45, '一起帖子不过提供.', 182.01, 601.09, '距离', '2026-02-22', '2025-05-26 23:24:30'),
(129, 46, '不是认为用户.', 382.90, 522.83, '体重', '2025-08-25', '2025-05-26 23:24:30'),
(130, 46, '发布项目一切只是本站.', 184.12, 484.89, '配速', '2025-11-20', '2025-05-26 23:24:30'),
(131, 47, '计划搜索广告.', 311.94, 493.86, '距离', '2025-10-15', '2025-05-26 23:24:30'),
(132, 48, '以后之后经济人员.', 73.75, 261.23, '配速', '2025-09-07', '2025-05-26 23:24:30'),
(133, 48, '地方那么免费关于对于.', 313.45, 567.81, '配速', '2025-06-18', '2025-05-26 23:24:30'),
(134, 48, '名称工具进行显示那么.', 451.54, 682.37, '距离', '2025-08-06', '2025-05-26 23:24:30'),
(135, 48, '积分系列增加语言方面运行.', 153.00, 579.89, '跑量', '2025-08-11', '2025-05-26 23:24:30'),
(136, 49, '其他准备类型设计密码同时日期.', 454.09, 514.17, '距离', '2025-10-22', '2025-05-26 23:24:30'),
(137, 49, '要求或者没有产品.', 478.00, 834.08, '距离', '2025-08-03', '2025-05-26 23:24:30'),
(138, 50, '业务都是介绍学校成为首页.', 285.14, 403.80, '体重', '2025-08-24', '2025-05-26 23:24:30'),
(139, 50, '部门应用作为标题很多手机.', 142.92, 405.21, '跑量', '2025-11-08', '2025-05-26 23:24:30'),
(140, 51, '最新之后方法.', 170.07, 531.26, '距离', '2025-06-14', '2025-05-26 23:24:30'),
(141, 51, '学生准备以下情况电话主题.', 144.72, 232.08, '跑量', '2025-11-06', '2025-05-26 23:24:30'),
(142, 51, '那个行业加入不要.', 327.32, 683.74, '体重', '2026-02-08', '2025-05-26 23:24:30'),
(143, 51, '同时然后不同.', 447.17, 727.37, '跑量', '2026-05-11', '2025-05-26 23:24:30'),
(144, 51, '游戏增加音乐图片发布.', 427.17, 913.11, '时长', '2025-11-14', '2025-05-26 23:24:30'),
(145, 52, '工程对于朋友项目目前.', 375.72, 708.87, '配速', '2026-05-02', '2025-05-26 23:24:30'),
(146, 52, '价格深圳没有关于.', 202.67, 368.09, '时长', '2025-06-01', '2025-05-26 23:24:30'),
(147, 52, '说明所有问题这些工作工作.', 447.59, 525.86, '体重', '2026-03-22', '2025-05-26 23:24:30'),
(148, 53, '的话如果如果日本已经登录.', 284.14, 609.45, '时长', '2025-12-10', '2025-05-26 23:24:30'),
(149, 54, '次数方面其实为了希望部分.', 124.83, 624.79, '配速', '2026-05-06', '2025-05-26 23:24:30'),
(150, 54, '商品技术你们他们客户有限.', 399.08, 777.81, '跑量', '2025-08-16', '2025-05-26 23:24:30'),
(151, 54, '状态其他为了.', 76.13, 513.08, '跑量', '2026-04-29', '2025-05-26 23:24:30'),
(152, 55, '时间方式工作参加.', 97.13, 538.42, '体重', '2025-06-26', '2025-05-26 23:24:30'),
(153, 55, '提高软件如此开始有些.', 134.40, 409.37, '配速', '2026-01-11', '2025-05-26 23:24:30'),
(154, 55, '会员一样具有开发游戏.', 160.47, 502.03, '距离', '2026-05-24', '2025-05-26 23:24:30'),
(155, 56, '责任发现计划文章.', 324.55, 473.62, '跑量', '2026-01-27', '2025-05-26 23:24:30'),
(156, 56, '喜欢成功她的有些拥有.', 20.23, 492.23, '配速', '2025-11-18', '2025-05-26 23:24:30'),
(157, 56, '觉得建设得到大小文化密码.', 399.47, 860.50, '体重', '2025-07-28', '2025-05-26 23:24:30'),
(158, 57, '开始出现图片重要.', 438.48, 840.41, '体重', '2026-03-22', '2025-05-26 23:24:30'),
(159, 58, '环境技术直接.', 479.33, 822.99, '体重', '2025-10-20', '2025-05-26 23:24:30'),
(160, 58, '实现表示今年.', 333.52, 358.98, '配速', '2026-04-06', '2025-05-26 23:24:30'),
(161, 59, '提高不要起来.', 216.84, 412.94, '时长', '2025-10-18', '2025-05-26 23:24:30'),
(162, 60, '方法登录状态地区所有.', 190.20, 528.42, '时长', '2025-11-04', '2025-05-26 23:24:30'),
(163, 60, '选择数据不会以后关于.', 425.53, 714.48, '跑量', '2025-10-28', '2025-05-26 23:24:30'),
(164, 60, '发展而且音乐行业这里.', 6.70, 240.75, '距离', '2025-07-11', '2025-05-26 23:24:30'),
(165, 60, '起来教育环境用户.', 86.25, 327.02, '跑量', '2025-08-29', '2025-05-26 23:24:30'),
(166, 60, '人民全部价格品牌.', 499.53, 693.95, '距离', '2025-07-13', '2025-05-26 23:24:30'),
(167, 61, '法律活动喜欢由于完成而且.', 381.42, 830.88, '距离', '2025-07-12', '2025-05-26 23:24:30'),
(168, 61, '他的拥有部分资源手机帖子.', 8.83, 235.45, '距离', '2025-07-28', '2025-05-26 23:24:30'),
(169, 62, '项目处理状态.', 25.67, 453.95, '体重', '2026-01-12', '2025-05-26 23:26:01'),
(170, 62, '这里得到同时.', 149.31, 576.60, '跑量', '2026-02-04', '2025-05-26 23:26:01'),
(171, 63, '可是之间地区开发更新.', 478.08, 581.16, '距离', '2025-08-13', '2025-05-26 23:26:01'),
(172, 63, '发生参加质量.', 56.05, 390.17, '距离', '2026-05-19', '2025-05-26 23:26:01'),
(173, 63, '应用正在大学.', 282.54, 686.76, '距离', '2025-06-15', '2025-05-26 23:26:01'),
(174, 63, '解决之间进入音乐不能人员.', 124.94, 457.18, '跑量', '2025-06-04', '2025-05-26 23:26:01'),
(175, 64, '学习成为准备技术.', 472.50, 889.12, '距离', '2025-09-06', '2025-05-26 23:26:01'),
(176, 64, '你的必须如何全国.', 385.34, 720.86, '时长', '2026-02-27', '2025-05-26 23:26:01'),
(177, 64, '空间关于注册提供留言查看.', 262.25, 407.48, '时长', '2025-11-03', '2025-05-26 23:26:01'),
(178, 65, '次数其实最新看到精华今年.', 143.98, 185.95, '跑量', '2025-07-08', '2025-05-26 23:26:01'),
(179, 65, '您的单位开始不同原因一种.', 402.74, 607.41, '体重', '2026-04-15', '2025-05-26 23:26:01'),
(180, 66, '法律感觉可以状态决定.', 466.55, 774.37, '配速', '2025-07-17', '2025-05-26 23:26:01'),
(181, 66, '来自原因觉得论坛.', 466.23, 572.14, '体重', '2025-12-25', '2025-05-26 23:26:01'),
(182, 66, '更新发表不会.', 197.43, 695.05, '跑量', '2026-01-07', '2025-05-26 23:26:01'),
(183, 66, '选择为什对于公司您的.', 163.52, 506.78, '体重', '2025-06-25', '2025-05-26 23:26:01'),
(184, 66, '当然继续中文.', 491.59, 964.17, '配速', '2025-10-24', '2025-05-26 23:26:01'),
(185, 67, '这些研究方面选择功能.', 146.45, 417.74, '配速', '2026-05-13', '2025-05-26 23:26:01'),
(186, 68, '帮助技术法律他的.', 294.52, 575.31, '配速', '2025-06-20', '2025-05-26 23:26:01'),
(187, 68, '现在文件能够.', 479.58, 933.49, '距离', '2026-04-19', '2025-05-26 23:26:01'),
(188, 68, '国内这些有些.', 35.78, 499.17, '配速', '2026-03-14', '2025-05-26 23:26:01'),
(189, 68, '提高注册积分.', 220.30, 483.33, '跑量', '2026-02-24', '2025-05-26 23:26:01'),
(190, 69, '如何现在谢谢积分.', 2.34, 451.59, '距离', '2025-12-01', '2025-05-26 23:26:01'),
(191, 69, '全部社区能够对于技术.', 279.75, 766.26, '距离', '2026-03-17', '2025-05-26 23:26:01'),
(192, 69, '运行男人产品支持资料.', 462.72, 763.63, '体重', '2026-04-29', '2025-05-26 23:26:01'),
(193, 70, '一起应用国内发布有关.', 366.76, 853.54, '跑量', '2025-09-11', '2025-05-26 23:26:01'),
(194, 70, '联系只有质量特别东西是否.', 485.75, 566.05, '时长', '2026-04-19', '2025-05-26 23:26:01'),
(195, 70, '回复运行通过汽车历史谢谢.', 344.42, 712.83, '距离', '2026-01-02', '2025-05-26 23:26:01'),
(196, 70, '以后经济功能发现.', 245.02, 734.93, '跑量', '2025-08-28', '2025-05-26 23:26:01'),
(197, 70, '决定会员相关工程等级.', 183.19, 274.61, '配速', '2025-08-07', '2025-05-26 23:26:01'),
(198, 71, '成功过程价格来源进入.', 138.24, 307.35, '时长', '2025-11-09', '2025-05-26 23:26:01'),
(199, 72, '说明商品服务.', 484.74, 911.14, '跑量', '2026-04-16', '2025-05-26 23:26:01'),
(200, 73, '的话是否准备.', 38.70, 369.52, '跑量', '2026-05-20', '2025-05-26 23:26:01'),
(201, 74, '事情感觉这种介绍影响.', 52.89, 384.25, '体重', '2025-12-05', '2025-05-26 23:26:01'),
(202, 74, '标题他的经营但是.', 482.69, 675.90, '跑量', '2025-11-20', '2025-05-26 23:26:01'),
(203, 74, '不同最新本站.', 402.80, 545.33, '跑量', '2025-11-19', '2025-05-26 23:26:01'),
(204, 74, '发布出来一个需要经济.', 445.11, 773.96, '体重', '2026-03-19', '2025-05-26 23:26:01'),
(205, 75, '然后时间标准.', 267.31, 388.14, '距离', '2025-05-30', '2025-05-26 23:26:01'),
(206, 75, '更新更新一下希望深圳.', 168.00, 260.08, '体重', '2026-04-30', '2025-05-26 23:26:01'),
(207, 75, '应用之间继续.', 9.10, 57.86, '跑量', '2026-05-24', '2025-05-26 23:26:01'),
(208, 76, '学生制作两个政府朋友能力.', 401.57, 508.36, '配速', '2025-12-04', '2025-05-26 23:26:01'),
(209, 77, '只要说明因此一般阅读发展.', 257.00, 356.28, '跑量', '2025-09-03', '2025-05-26 23:26:01'),
(210, 77, '之间还是电子觉得注册.', 228.52, 448.18, '跑量', '2025-08-08', '2025-05-26 23:26:01'),
(211, 77, '运行显示销售.', 307.99, 512.28, '配速', '2025-12-20', '2025-05-26 23:26:01'),
(212, 78, '推荐看到法律经验学习.', 314.32, 748.79, '跑量', '2025-11-09', '2025-05-26 23:26:01'),
(213, 78, '部分科技作者包括当然资源.', 153.18, 214.72, '配速', '2025-06-07', '2025-05-26 23:26:01'),
(214, 78, '推荐他的这种而且当然完全.', 115.03, 539.15, '配速', '2026-02-16', '2025-05-26 23:26:01'),
(215, 79, '投资所有你们大小自己.', 190.51, 656.40, '配速', '2025-07-24', '2025-05-26 23:26:01'),
(216, 79, '还是电话单位之后各种分析.', 454.64, 865.67, '跑量', '2025-09-21', '2025-05-26 23:26:01'),
(217, 79, '支持时候介绍.', 30.44, 229.75, '体重', '2025-10-27', '2025-05-26 23:26:01'),
(218, 79, '今天空间时候不过发布为什主题.', 82.73, 241.28, '体重', '2025-11-05', '2025-05-26 23:26:01'),
(219, 79, '知道因此的是主要.', 130.71, 277.55, '时长', '2026-04-24', '2025-05-26 23:26:01'),
(220, 80, '所以产品上海一次大家.', 454.54, 821.21, '时长', '2025-06-20', '2025-05-26 23:26:01'),
(221, 80, '网络制作类别.', 373.91, 568.63, '时长', '2026-02-19', '2025-05-26 23:26:01'),
(222, 80, '发表她的同时历史设备.', 170.60, 577.21, '配速', '2025-11-05', '2025-05-26 23:26:01'),
(223, 80, '中国教育大家报告成为组织.', 166.76, 433.96, '跑量', '2025-07-02', '2025-05-26 23:26:01'),
(224, 80, '图片因为生活.', 323.62, 503.47, '配速', '2025-07-06', '2025-05-26 23:26:01'),
(225, 81, '浏览自己处理产品.', 380.68, 589.74, '时长', '2025-09-01', '2025-05-26 23:26:01'),
(226, 81, '系列所有生活经验论坛.', 484.22, 582.19, '体重', '2025-08-20', '2025-05-26 23:26:01'),
(227, 82, '中国文件通过简介.', 396.32, 706.61, '跑量', '2025-06-21', '2025-05-26 23:26:06'),
(228, 82, '东西企业注意需要介绍.', 54.05, 424.19, '配速', '2026-04-23', '2025-05-26 23:26:06'),
(229, 82, '方式介绍现在.', 81.92, 105.29, '跑量', '2025-09-14', '2025-05-26 23:26:06'),
(230, 83, '回复一样情况.', 344.41, 681.79, '配速', '2025-09-07', '2025-05-26 23:26:06'),
(231, 84, '相关特别深圳设备次数内容.', 339.05, 595.37, '体重', '2025-12-07', '2025-05-26 23:26:06'),
(232, 84, '技术显示程序发现.', 73.01, 393.18, '跑量', '2026-04-25', '2025-05-26 23:26:06'),
(233, 85, '虽然主题是一感觉没有注意.', 352.67, 708.23, '时长', '2025-11-04', '2025-05-26 23:26:06'),
(234, 85, '进行到了成功为什有些网络.', 359.69, 722.35, '配速', '2025-11-16', '2025-05-26 23:26:06'),
(235, 85, '安全基本这种.', 36.23, 385.04, '跑量', '2026-02-24', '2025-05-26 23:26:06'),
(236, 85, '这是标准目前或者次数.', 46.03, 74.37, '体重', '2026-05-10', '2025-05-26 23:26:06'),
(237, 85, '教育日本我的同时.', 356.77, 369.66, '配速', '2026-03-28', '2025-05-26 23:26:06'),
(238, 86, '虽然活动支持.', 16.07, 272.86, '体重', '2026-05-08', '2025-05-26 23:26:06'),
(239, 86, '生活无法朋友完全客户加入.', 356.27, 582.27, '跑量', '2026-01-25', '2025-05-26 23:26:06'),
(240, 87, '一直作者已经由于合作.', 131.46, 262.75, '时长', '2025-08-29', '2025-05-26 23:26:06'),
(241, 87, '合作其实使用.', 43.28, 281.47, '体重', '2025-12-11', '2025-05-26 23:26:06'),
(242, 87, '还有国际以及计划.', 88.41, 110.78, '时长', '2025-07-31', '2025-05-26 23:26:06'),
(243, 88, '新闻其实经验.', 14.85, 98.25, '体重', '2025-12-18', '2025-05-26 23:26:06'),
(244, 88, '已经之后原因.', 283.43, 492.39, '距离', '2025-10-06', '2025-05-26 23:26:06'),
(245, 88, '标题全国但是发生你的个人.', 396.27, 854.29, '跑量', '2026-01-21', '2025-05-26 23:26:06'),
(246, 89, '文化工程在线电影全部.', 422.55, 778.42, '体重', '2025-09-19', '2025-05-26 23:26:06'),
(247, 89, '一次搜索手机.', 449.38, 587.85, '配速', '2025-07-17', '2025-05-26 23:26:06'),
(248, 89, '进入您的状态.', 392.10, 605.29, '时长', '2026-01-08', '2025-05-26 23:26:06'),
(249, 89, '这么公司他的大学合作.', 2.14, 381.15, '时长', '2026-03-01', '2025-05-26 23:26:06'),
(250, 90, '责任一个技术.', 357.71, 851.85, '体重', '2025-11-29', '2025-05-26 23:26:06'),
(251, 90, '合作虽然我的.', 398.51, 562.40, '距离', '2026-01-11', '2025-05-26 23:26:06'),
(252, 90, '就是只要根据成功是否.', 484.18, 858.99, '体重', '2026-04-13', '2025-05-26 23:26:06'),
(253, 90, '不断当前成为.', 245.71, 743.72, '跑量', '2025-06-24', '2025-05-26 23:26:06'),
(254, 91, '加入操作她的说明之后计划.', 268.52, 451.71, '配速', '2026-03-10', '2025-05-26 23:26:06'),
(255, 91, '处理其他那么进行.', 307.55, 430.64, '跑量', '2026-04-19', '2025-05-26 23:26:06'),
(256, 91, '状态所有评论.', 110.02, 378.69, '距离', '2026-03-18', '2025-05-26 23:26:06'),
(257, 91, '继续部门全部简介.', 188.17, 656.25, '距离', '2026-05-03', '2025-05-26 23:26:06'),
(258, 92, '必须方法帮助记者.', 254.65, 654.94, '距离', '2026-02-08', '2025-05-26 23:26:06'),
(259, 92, '目前公司成功各种.', 86.95, 456.50, '时长', '2025-11-03', '2025-05-26 23:26:06'),
(260, 93, '电影准备方式.', 214.04, 498.02, '跑量', '2025-10-22', '2025-05-26 23:26:06'),
(261, 93, '他的一定以下不能.', 113.93, 480.00, '跑量', '2025-12-25', '2025-05-26 23:26:06'),
(262, 93, '报告环境这样为什很多.', 203.74, 429.66, '体重', '2025-12-13', '2025-05-26 23:26:06'),
(263, 93, '不会语言今年论坛操作.', 334.12, 368.79, '距离', '2025-09-01', '2025-05-26 23:26:06'),
(264, 93, '注意方式完全作为谢谢生产.', 217.50, 660.89, '时长', '2026-03-31', '2025-05-26 23:26:06'),
(265, 94, '正在在线地址自己.', 292.38, 488.81, '跑量', '2026-04-14', '2025-05-26 23:26:06'),
(266, 95, '教育单位地址行业中文工程什么.', 108.09, 504.79, '跑量', '2026-02-12', '2025-05-26 23:26:06'),
(267, 95, '都是研究这种最后.', 353.15, 841.10, '体重', '2025-06-29', '2025-05-26 23:26:06'),
(268, 95, '东西更新经济作为.', 78.86, 465.32, '时长', '2025-08-05', '2025-05-26 23:26:06'),
(269, 95, '为了国际更新功能游戏.', 208.47, 334.09, '跑量', '2026-01-17', '2025-05-26 23:26:06'),
(270, 96, '进行北京影响.', 30.25, 490.61, '跑量', '2025-12-23', '2025-05-26 23:26:06'),
(271, 96, '事情客户男人手机.', 494.95, 851.62, '距离', '2026-01-23', '2025-05-26 23:26:06'),
(272, 96, '表示分析回复.', 423.62, 487.72, '时长', '2025-07-28', '2025-05-26 23:26:06'),
(273, 96, '很多情况网站不能而且自己.', 407.41, 890.00, '距离', '2026-01-08', '2025-05-26 23:26:06'),
(274, 96, '详细城市注意正在不会技术.', 111.89, 252.12, '时长', '2025-10-12', '2025-05-26 23:26:06'),
(275, 97, '国家学生开始虽然可能最大.', 81.24, 260.28, '配速', '2025-12-16', '2025-05-26 23:26:06'),
(276, 97, '计划可以非常发布.', 111.38, 272.46, '时长', '2025-12-16', '2025-05-26 23:26:06'),
(277, 98, '一样的人有限来自销售一些.', 199.68, 265.32, '体重', '2025-11-08', '2025-05-26 23:26:06'),
(278, 98, '不同增加服务.', 63.13, 497.48, '距离', '2025-05-31', '2025-05-26 23:26:06'),
(279, 98, '操作女人大小还是这个社会.', 13.75, 397.29, '体重', '2025-12-01', '2025-05-26 23:26:06'),
(280, 98, '就是登录她的认为价格.', 35.41, 322.32, '体重', '2025-07-22', '2025-05-26 23:26:06'),
(281, 99, '报告这些功能.', 50.33, 96.79, '跑量', '2025-08-30', '2025-05-26 23:26:06'),
(282, 99, '社区一点当前她的加入.', 439.12, 762.36, '体重', '2025-09-16', '2025-05-26 23:26:06'),
(283, 99, '系列大家次数.', 438.52, 645.98, '体重', '2025-11-25', '2025-05-26 23:26:06'),
(284, 99, '时间可是密码.', 294.14, 791.57, '距离', '2026-02-20', '2025-05-26 23:26:06'),
(285, 99, '文件根据其中那么用户.', 395.79, 847.56, '距离', '2025-08-19', '2025-05-26 23:26:06'),
(286, 100, '以上以后比较大学北京目前.', 236.39, 401.14, '体重', '2025-12-09', '2025-05-26 23:26:06'),
(287, 100, '技术一起登录怎么.', 253.74, 363.18, '跑量', '2026-05-06', '2025-05-26 23:26:06'),
(288, 100, '新闻这么其他能力准备都是.', 269.32, 371.10, '距离', '2025-09-11', '2025-05-26 23:26:06'),
(289, 100, '继续本站开始大家搜索成功.', 257.55, 658.72, '配速', '2026-02-18', '2025-05-26 23:26:06'),
(290, 101, '新闻设备活动.', 212.62, 284.33, '体重', '2025-07-14', '2025-05-26 23:26:06'),
(291, 101, '内容基本成功最大.', 201.86, 230.55, '跑量', '2025-06-23', '2025-05-26 23:26:06'),
(292, 101, '增加根据完成.', 280.21, 404.77, '配速', '2025-06-16', '2025-05-26 23:26:06'),
(293, 103, 'API Test Goal', 0.00, 42.20, 'Distance', '2025-12-31', '2025-05-27 02:24:44'),
(294, 103, 'API Test Goal', 0.00, 42.20, 'Distance', '2025-12-31', '2025-05-27 02:26:15'),
(295, 103, 'API Test Goal', 0.00, 42.20, 'Distance', '2025-12-31', '2025-05-27 02:27:02'),
(296, 103, 'API Test Goal', 0.00, 42.20, 'Distance', '2025-12-31', '2025-05-27 02:32:52'),
(297, 103, 'API Test Goal', 0.00, 42.20, 'Distance', '2025-12-31', '2025-05-27 02:34:53');

-- --------------------------------------------------------

--
-- 表的结构 `running_records`
--

CREATE TABLE `running_records` (
  `id` int NOT NULL,
  `user_id` int DEFAULT NULL,
  `workout_type` varchar(50) CHARACTER SET utf8mb4 COLLATE utf8mb4_0900_ai_ci DEFAULT NULL COMMENT '训练类型（跑步/力量/...）',
  `start_time` datetime DEFAULT NULL,
  `end_time` datetime DEFAULT NULL,
  `duration` int DEFAULT NULL COMMENT '持续时间(秒)',
  `distance` decimal(6,2) DEFAULT NULL COMMENT '距离(米)',
  `avg_pace` int DEFAULT NULL COMMENT '平均配速(秒/公里)',
  `best_pace` int DEFAULT NULL COMMENT '最佳配速(秒/公里)',
  `avg_heart_rate` int DEFAULT NULL COMMENT '平均心率',
  `max_heart_rate` int DEFAULT NULL COMMENT '最大心率',
  `avg_step_rate` int DEFAULT NULL COMMENT '平均步频',
  `calories` int DEFAULT NULL COMMENT '消耗卡路里',
  `elevation_gain` decimal(6,2) DEFAULT NULL COMMENT '累计爬升(米)',
  `weather` varchar(50) CHARACTER SET utf8mb4 COLLATE utf8mb4_0900_ai_ci DEFAULT NULL COMMENT '天气情况',
  `temperature` decimal(4,1) DEFAULT NULL COMMENT '温度',
  `notes` text CHARACTER SET utf8mb4 COLLATE utf8mb4_0900_ai_ci COMMENT '备注内容'
) ENGINE=InnoDB DEFAULT CHARSET=utf8mb4 COLLATE=utf8mb4_0900_ai_ci ROW_FORMAT=DYNAMIC;

--
-- 转存表中的数据 `running_records`
--

INSERT INTO `running_records` (`id`, `user_id`, `workout_type`, `start_time`, `end_time`, `duration`, `distance`, `avg_pace`, `best_pace`, `avg_heart_rate`, `max_heart_rate`, `avg_step_rate`, `calories`, `elevation_gain`, `weather`, `temperature`, `notes`) VALUES
(58, 62, '间歇跑', '2023-07-22 12:51:33', '2023-07-22 14:14:45', 4992, 3567.22, 1399, 1360, 115, 164, 151, 214, 223.62, '小雨', -2.6, '能力他们系统公司标准.'),
(59, 62, '跑步', '2024-01-20 13:23:41', '2024-01-20 13:44:22', 1241, 8488.84, 146, 90, 100, 173, 163, 509, 108.45, '阴天', 1.3, '谢谢以上帮助特别文章这是.'),
(60, 62, '恢复跑', '2024-03-05 04:14:44', '2024-03-05 05:05:02', 3018, 5679.93, 531, 497, 139, 187, 162, 340, 12.88, '晴朗', 13.6, '关系生产根据浏览更新您的通过拥有进行.'),
(61, 62, '越野跑', '2024-03-25 13:31:00', '2024-03-25 15:03:27', 5547, 5773.78, 960, 944, 154, 161, 167, 346, 109.39, '小雨', 8.2, '事情完全继续以及相关下载地区发布起来不同.'),
(62, 62, '跑步', '2024-02-07 00:57:25', '2024-02-07 01:17:08', 1183, 3346.10, 353, 301, 131, 161, 173, 200, 263.53, '阴天', -3.5, '欢迎如何目前阅读评论一起有限.'),
(63, 63, '跑步', '2025-01-08 15:38:54', '2025-01-08 16:22:08', 2594, 2135.95, 1214, 1208, 129, 154, 151, 128, 95.02, '多云', 23.6, '程序主要无法留言由于.'),
(64, 63, '恢复跑', '2023-07-12 11:59:01', '2023-07-12 12:51:11', 3130, 5746.20, 544, 488, 145, 159, 162, 344, 259.14, '小雨', 12.1, '只有增加你们图片部分评论责任如此.'),
(65, 64, '间歇跑', '2023-08-23 06:26:04', '2023-08-23 06:50:33', 1469, 5787.51, 253, 247, 167, 170, 164, 347, 286.90, '小雨', 22.9, '如何点击你们程序音乐控制.'),
(66, 64, '恢复跑', '2024-08-05 20:05:53', '2024-08-05 21:58:37', 6764, 2890.92, 2339, 2287, 130, 158, 150, 173, 203.60, '阴天', 15.2, '音乐品牌没有关系来自注意国家.'),
(67, 64, '越野跑', '2024-12-28 12:03:33', '2024-12-28 12:24:22', 1249, 4935.93, 253, 245, 112, 165, 165, 296, 119.40, '阴天', -2.4, '发展使用已经如此业务.'),
(68, 65, '恢复跑', '2024-02-16 00:03:09', '2024-02-16 00:16:51', 822, 3823.66, 214, 159, 134, 150, 172, 229, 292.00, '有风', 6.6, '图片可是商品男人项目目前网站北京.'),
(69, 65, '间歇跑', '2024-05-20 01:50:41', '2024-05-20 02:55:10', 3869, 6578.45, 588, 529, 161, 165, 175, 394, 120.88, '阴天', 20.7, '开发自己网上一定资源如果游戏科技只有个人.'),
(70, 66, '间歇跑', '2024-08-25 23:57:30', '2024-08-26 01:02:51', 3921, 2740.66, 1430, 1382, 160, 160, 175, 164, 196.80, '阴天', 7.1, '准备游戏一点状态增加关于位置会员开发只是.'),
(71, 66, '操场跑', '2023-12-07 05:56:27', '2023-12-07 07:26:19', 5392, 4162.39, 1295, 1283, 135, 171, 177, 249, 68.57, '晴朗', 29.6, '女人原因系统项目喜欢过程以及解决可能喜欢.'),
(72, 66, '操场跑', '2023-08-01 17:56:18', '2023-08-01 18:14:59', 1121, 9061.43, 123, 106, 147, 170, 156, 543, 225.88, '有风', 20.6, '状态行业信息正在人民图片空间一下企业是否.'),
(73, 66, '跑步', '2023-09-25 19:23:03', '2023-09-25 20:44:31', 4888, 8630.32, 566, 547, 139, 180, 175, 517, 287.39, '小雨', 22.6, '时候上海工程因此自己.'),
(74, 67, '操场跑', '2025-05-15 21:10:43', '2025-05-15 22:34:19', 5016, 6539.28, 767, 749, 162, 190, 161, 392, 172.80, '多云', 9.1, '其他参加文件企业游戏日期来自为了一切包括.'),
(75, 67, '跑步', '2024-02-20 19:19:19', '2024-02-20 20:48:04', 5325, 9431.21, 564, 539, 100, 176, 179, 565, 135.57, '有风', 30.1, '以上工具网上操作准备信息市场国家因此在线.'),
(76, 67, '越野跑', '2023-10-08 16:34:14', '2023-10-08 18:30:10', 6956, 6824.24, 1019, 974, 154, 167, 168, 409, 135.41, '小雨', 18.4, '能够中心关系当然联系也是帮助相关提高.'),
(77, 68, '恢复跑', '2023-10-20 07:55:40', '2023-10-20 08:53:37', 3477, 7800.13, 445, 393, 126, 163, 178, 468, 79.01, '阴天', 26.3, '很多上海部门不会学校发生一点主要研究.'),
(78, 69, '越野跑', '2024-12-21 16:55:54', '2024-12-21 18:51:20', 6926, 3028.04, 2287, 2231, 122, 186, 154, 181, 124.72, '晴朗', -0.6, '浏览能力通过研究可是发生生活手机质量关系.'),
(79, 69, '跑步', '2024-12-30 08:24:29', '2024-12-30 09:52:55', 5306, 2184.20, 2429, 2400, 102, 183, 151, 131, 256.09, '小雨', 18.3, '虽然一般信息公司.'),
(80, 69, '跑步', '2024-09-01 04:14:36', '2024-09-01 06:04:38', 6602, 2439.40, 2706, 2685, 148, 158, 151, 146, 138.91, '多云', 21.2, '文章单位地区最新日期.'),
(81, 70, '跑步', '2024-02-09 21:24:22', '2024-02-09 22:59:32', 5710, 3960.99, 1441, 1432, 115, 182, 180, 237, 27.62, '多云', 33.8, '文件也是因此发表发现然后作者没有出现现在.'),
(82, 70, '操场跑', '2025-04-02 10:09:45', '2025-04-02 10:53:33', 2628, 8882.06, 295, 244, 118, 165, 161, 532, 52.76, '晴朗', -4.2, '方式系列继续城市基本关于.'),
(83, 70, '跑步', '2024-10-07 18:13:13', '2024-10-07 19:02:42', 2969, 1181.14, 2513, 2463, 155, 164, 155, 70, 253.30, '多云', 19.6, '标准时间学习积分世界资料在线各种空间来自一般.'),
(84, 70, '操场跑', '2024-09-03 12:34:25', '2024-09-03 12:54:16', 1191, 6364.68, 187, 177, 143, 163, 169, 381, 162.38, '阴天', 32.7, '活动注意行业以后他们.'),
(85, 70, '越野跑', '2024-09-14 10:31:53', '2024-09-14 10:51:26', 1173, 8288.99, 141, 96, 165, 177, 157, 497, 72.61, '有风', 29.9, '一直显示以及决定提高基本.'),
(86, 71, '间歇跑', '2024-05-01 21:57:08', '2024-05-01 22:14:44', 1056, 1015.03, 1040, 1025, 149, 169, 157, 60, 11.08, '阴天', -4.2, '全部一切基本开发知道位置.'),
(87, 71, '跑步', '2024-07-11 17:33:47', '2024-07-11 18:46:00', 4333, 7568.75, 572, 522, 165, 156, 175, 454, 71.35, '多云', 29.8, '过程全部如果社会处理程序表示.'),
(88, 71, '操场跑', '2024-07-27 00:56:41', '2024-07-27 01:18:46', 1325, 1011.31, 1310, 1305, 105, 152, 162, 60, 269.20, '晴朗', 0.8, '为了工程一直为了地方一起记者具有介绍有关本站.'),
(89, 71, '操场跑', '2024-10-08 03:29:00', '2024-10-08 05:15:45', 6405, 3646.81, 1756, 1723, 159, 182, 172, 218, 244.74, '多云', 20.5, '成为的是简介就是方面帖子会员很多查看提供.'),
(90, 71, '恢复跑', '2024-04-18 18:10:56', '2024-04-18 19:38:58', 5282, 1301.12, 4059, 4018, 161, 164, 165, 78, 123.69, '小雨', 18.1, '操作注意这种所以一定制作朋友中文部分.'),
(91, 72, '操场跑', '2025-05-11 11:09:32', '2025-05-11 11:20:52', 680, 1783.86, 381, 326, 153, 164, 168, 107, 269.93, '阴天', 30.1, '直接表示虽然由于留言解决.'),
(92, 72, '间歇跑', '2024-05-09 22:32:45', '2024-05-09 23:07:58', 2113, 8078.97, 261, 247, 113, 164, 152, 484, 265.21, '晴朗', 14.0, '而且不要也是网站感觉说明位置比较由于决定.'),
(93, 72, '越野跑', '2025-01-15 13:32:30', '2025-01-15 15:25:30', 6780, 4747.11, 1428, 1389, 110, 150, 171, 284, 289.53, '有风', 28.2, '图片文件事情这里要求已经这个工作当前以上.'),
(94, 72, '操场跑', '2024-07-18 04:15:58', '2024-07-18 05:15:30', 3572, 2032.26, 1757, 1751, 140, 186, 179, 121, 194.52, '晴朗', 28.5, '广告或者图片最大为了学习开始知道国家这里.'),
(95, 73, '越野跑', '2024-01-31 01:22:39', '2024-01-31 01:56:09', 2010, 4942.94, 406, 400, 132, 153, 180, 296, 164.98, '小雨', 17.1, '企业次数查看数据经济积分地方.'),
(96, 73, '操场跑', '2023-10-19 11:27:00', '2023-10-19 12:01:26', 2066, 7024.83, 294, 241, 168, 184, 170, 421, 257.40, '小雨', 15.2, '成功怎么不同大家个人更多游戏美国到了时候.'),
(97, 73, '恢复跑', '2024-07-21 17:30:20', '2024-07-21 18:47:17', 4617, 4946.02, 933, 880, 117, 175, 174, 296, 48.34, '小雨', 8.0, '部分成功中国目前部门首页.'),
(98, 73, '恢复跑', '2023-08-27 01:19:33', '2023-08-27 01:42:03', 1350, 5224.05, 258, 221, 132, 174, 164, 313, 99.88, '晴朗', 11.4, '注册本站搜索最新经验免费朋友投资网上.'),
(99, 74, '间歇跑', '2023-06-10 11:18:08', '2023-06-10 11:52:55', 2087, 7322.44, 285, 276, 121, 183, 163, 439, 152.07, '晴朗', 20.1, '关于认为有些也是资源.'),
(100, 74, '跑步', '2024-11-10 10:46:32', '2024-11-10 11:19:32', 1980, 8347.33, 237, 183, 108, 172, 172, 500, 14.47, '晴朗', 15.2, '之后起来手机业务发布.'),
(101, 75, '跑步', '2025-03-08 11:02:22', '2025-03-08 11:33:34', 1872, 8264.37, 226, 214, 170, 161, 160, 495, 80.90, '阴天', 19.2, '部门注册您的自己开始手机在线你的.'),
(102, 75, '跑步', '2024-07-27 13:18:28', '2024-07-27 14:40:12', 4904, 5219.14, 939, 891, 144, 161, 176, 313, 45.02, '多云', 17.9, '信息为了具有北京学习可以一起发展深圳.'),
(103, 75, '跑步', '2024-05-28 20:31:37', '2024-05-28 21:15:59', 2662, 2573.62, 1034, 1015, 107, 176, 160, 154, 42.42, '小雨', 28.8, '企业那个城市进行感觉欢迎评论如果实现基本.'),
(104, 76, '间歇跑', '2023-10-24 19:46:51', '2023-10-24 21:39:56', 6785, 6404.73, 1059, 1036, 113, 187, 160, 384, 113.43, '阴天', 26.9, '位置文化全部下载资源学生方面.'),
(105, 76, '恢复跑', '2024-04-29 00:20:07', '2024-04-29 00:43:15', 1388, 5493.33, 252, 230, 101, 179, 166, 329, 22.93, '小雨', 20.1, '同时我们应用大学增加最后经验有关发布.'),
(106, 77, '越野跑', '2024-12-04 10:43:24', '2024-12-04 12:18:30', 5706, 9729.27, 586, 544, 155, 186, 159, 583, 155.08, '小雨', 13.5, '开始觉得密码音乐正在.'),
(107, 77, '间歇跑', '2025-01-21 16:40:53', '2025-01-21 16:53:49', 776, 9240.35, 83, 60, 159, 189, 157, 554, 102.19, '小雨', 26.7, '应用发表需要是否质量商品基本来源.'),
(108, 77, '越野跑', '2024-05-06 02:50:53', '2024-05-06 03:53:54', 3781, 9101.56, 415, 382, 151, 158, 177, 546, 146.02, '多云', 5.5, '一样阅读功能一些设计只有.'),
(109, 77, '越野跑', '2025-01-26 18:48:13', '2025-01-26 19:18:15', 1802, 7425.28, 242, 212, 142, 165, 176, 445, 216.47, '晴朗', -2.8, '他的不是决定的人出现企业销售社会可能信息.'),
(110, 78, '操场跑', '2024-06-15 19:03:10', '2024-06-15 20:07:03', 3833, 8307.39, 461, 446, 103, 167, 180, 498, 231.27, '小雨', 19.3, '现在新闻说明电脑首页主要记者时间方式.'),
(111, 78, '跑步', '2023-06-02 15:27:32', '2023-06-02 16:34:27', 4015, 5562.15, 721, 707, 136, 155, 161, 333, 222.10, '阴天', 18.9, '品牌状态参加具有系统是一.'),
(112, 78, '间歇跑', '2024-09-26 16:27:44', '2024-09-26 17:17:32', 2988, 8006.47, 373, 313, 109, 169, 162, 480, 18.01, '阴天', -1.6, '或者准备他们发布一般活动学习本站时间来自学生.'),
(113, 78, '恢复跑', '2024-09-30 06:05:31', '2024-09-30 06:16:25', 654, 9630.22, 67, 60, 137, 182, 170, 577, 98.33, '多云', -2.9, '作为一些地方到了很多作品非常.'),
(114, 78, '越野跑', '2024-05-02 22:36:51', '2024-05-02 23:13:54', 2223, 6380.71, 348, 296, 111, 155, 168, 382, 295.09, '晴朗', 26.1, '商品地方注意他的必须.'),
(115, 79, '恢复跑', '2023-09-06 06:55:58', '2023-09-06 07:49:04', 3186, 8666.79, 367, 328, 134, 178, 173, 520, 210.87, '晴朗', 0.4, '有限任何电脑空间继续以及.'),
(116, 80, '操场跑', '2023-11-13 20:05:01', '2023-11-13 21:28:17', 4996, 5347.64, 934, 894, 147, 183, 171, 320, 157.17, '阴天', 5.9, '标准点击一切电子主要朋友不同一个.'),
(117, 80, '跑步', '2024-10-01 22:44:09', '2024-10-01 23:51:25', 4036, 4588.38, 879, 841, 128, 179, 161, 275, 209.72, '多云', 20.9, '更多这样准备注册最大技术问题评论文件这种.'),
(118, 80, '越野跑', '2024-12-25 08:46:11', '2024-12-25 09:12:00', 1549, 6035.22, 256, 225, 111, 160, 162, 362, 229.11, '小雨', 0.1, '语言一次系列阅读之后.'),
(119, 81, '恢复跑', '2024-10-27 23:51:58', '2024-10-28 00:10:35', 1117, 7625.74, 146, 107, 110, 167, 172, 457, 50.17, '小雨', 3.7, '以及能够如果作品发生就是等级国际学生.'),
(120, 82, '越野跑', '2024-03-26 03:30:22', '2024-03-26 04:46:23', 4561, 1502.73, 3035, 3004, 142, 178, 173, 90, 48.24, '有风', 4.0, '之间或者虽然电话记者为了信息.'),
(121, 83, '间歇跑', '2023-08-03 19:14:48', '2023-08-03 20:44:59', 5411, 3325.57, 1627, 1622, 101, 169, 153, 199, 2.24, '小雨', -4.0, '部门国际查看登录完全.'),
(122, 84, '操场跑', '2024-07-11 10:47:28', '2024-07-11 12:19:36', 5528, 1765.59, 3130, 3118, 158, 159, 176, 105, 94.85, '小雨', 11.6, '得到新闻注册评论大家这个一般根据商品方式.'),
(123, 85, '操场跑', '2023-10-08 02:15:04', '2023-10-08 03:34:12', 4748, 7712.84, 615, 609, 165, 150, 159, 462, 239.84, '多云', 5.4, '喜欢提供世界游戏空间非常手机.'),
(124, 85, '操场跑', '2024-09-05 08:42:19', '2024-09-05 10:32:01', 6582, 6687.95, 984, 974, 106, 171, 161, 401, 34.54, '多云', -2.2, '成为人员类别合作发生网上当然.'),
(125, 85, '间歇跑', '2024-07-31 12:22:31', '2024-07-31 14:18:35', 6964, 4675.83, 1489, 1443, 120, 183, 165, 280, 149.05, '有风', 3.2, '最新资料人民成功文件如何选择直接虽然.'),
(126, 86, '恢复跑', '2023-12-23 20:33:28', '2023-12-23 21:59:25', 5157, 5213.91, 989, 945, 146, 151, 156, 312, 167.57, '多云', 15.7, '地方所以历史相关生活责任.'),
(127, 86, '操场跑', '2024-01-19 18:11:49', '2024-01-19 18:30:14', 1105, 9919.44, 111, 102, 158, 167, 159, 595, 73.27, '多云', 33.7, '功能影响两个服务两个类别价格当然发布会员.'),
(128, 86, '恢复跑', '2024-10-04 23:07:50', '2024-10-05 00:09:19', 3689, 8527.99, 432, 384, 153, 177, 153, 511, 165.70, '多云', 26.1, '项目运行游戏工程记者拥有喜欢关系显示.'),
(129, 87, '恢复跑', '2023-11-22 07:28:22', '2023-11-22 08:31:55', 3813, 6440.30, 592, 567, 142, 185, 178, 386, 219.25, '有风', 21.9, '产品不是成为经营企业目前空间制作网络比较.'),
(130, 87, '越野跑', '2024-10-02 09:37:50', '2024-10-02 09:57:11', 1161, 1934.24, 600, 579, 100, 157, 176, 116, 64.27, '阴天', 26.7, '他们选择完成专业企业得到就是.'),
(131, 88, '操场跑', '2024-07-13 11:35:20', '2024-07-13 13:03:08', 5268, 6975.86, 755, 718, 133, 183, 162, 418, 267.51, '有风', 10.7, '一种提高组织参加为了自己.'),
(132, 88, '跑步', '2024-06-18 11:39:08', '2024-06-18 11:56:57', 1069, 1265.47, 844, 797, 163, 164, 163, 75, 196.30, '小雨', 25.3, '希望他的完成次数很多国内.'),
(133, 88, '恢复跑', '2023-12-17 16:11:17', '2023-12-17 18:06:40', 6923, 2329.31, 2972, 2925, 105, 189, 168, 139, 64.03, '阴天', 19.5, '日本个人要求只要信息合作.'),
(134, 88, '操场跑', '2023-08-06 05:03:06', '2023-08-06 05:47:09', 2643, 5487.74, 481, 446, 139, 157, 177, 329, 82.33, '多云', 0.6, '人员继续实现比较欢迎系统责任不过今天.'),
(135, 89, '操场跑', '2024-04-10 05:22:09', '2024-04-10 07:19:11', 7022, 9133.80, 768, 754, 142, 165, 165, 548, 89.33, '小雨', 13.3, '因为一般项目简介记者浏览更多会员论坛单位.'),
(136, 90, '越野跑', '2024-05-30 12:38:10', '2024-05-30 13:42:05', 3835, 3059.51, 1253, 1213, 156, 177, 159, 183, 184.34, '晴朗', 18.0, '自己公司部分问题现在最新搜索.'),
(137, 90, '跑步', '2023-08-13 10:55:08', '2023-08-13 12:44:53', 6585, 6016.45, 1094, 1049, 130, 179, 154, 360, 54.19, '小雨', 25.0, '不能作为广告部门一下一样直接都是起来投资.'),
(138, 90, '恢复跑', '2025-03-02 16:33:55', '2025-03-02 17:51:29', 4654, 7244.95, 642, 631, 136, 176, 161, 434, 225.06, '多云', -4.7, '进行地址计划上海虽然为了方法工作方法.'),
(139, 90, '操场跑', '2024-02-28 11:29:19', '2024-02-28 12:39:45', 4226, 4013.28, 1053, 1014, 166, 157, 165, 240, 261.06, '阴天', 1.9, '但是比较东西资料或者个人控制部门.'),
(140, 90, '操场跑', '2023-10-12 13:13:03', '2023-10-12 14:03:50', 3047, 9343.29, 326, 308, 149, 181, 169, 560, 236.88, '有风', 2.9, '社区希望所有参加关系发展控制历史等级.'),
(141, 91, '越野跑', '2024-10-07 23:57:56', '2024-10-08 01:17:35', 4779, 7823.30, 610, 581, 165, 165, 161, 469, 11.89, '阴天', 8.6, '您的正在全部当然大家特别状态任何朋友比较.'),
(142, 91, '间歇跑', '2023-09-13 01:42:35', '2023-09-13 02:54:20', 4305, 7392.15, 582, 562, 125, 171, 177, 443, 1.21, '多云', -0.3, '所有得到注册业务自己类型工具不能方法.'),
(143, 91, '恢复跑', '2025-04-30 12:27:18', '2025-04-30 13:01:05', 2027, 5057.99, 400, 348, 128, 180, 168, 303, 88.42, '多云', 23.5, '责任在线密码成功说明音乐重要制作投资.'),
(144, 92, '恢复跑', '2024-09-08 22:55:39', '2024-09-09 00:14:12', 4713, 6339.61, 743, 698, 156, 172, 155, 380, 192.67, '阴天', 32.9, '相关起来因为运行提高进行基本.'),
(145, 93, '跑步', '2025-01-21 13:00:06', '2025-01-21 14:47:55', 6469, 1015.67, 6369, 6347, 106, 159, 168, 60, 130.27, '小雨', 17.4, '解决问题显示用户.'),
(146, 94, '跑步', '2025-01-20 00:58:39', '2025-01-20 02:12:34', 4435, 3723.93, 1190, 1136, 155, 171, 178, 223, 3.63, '有风', 31.0, '是一当然加入研究以下继续游戏.'),
(147, 95, '操场跑', '2025-05-15 12:14:54', '2025-05-15 12:48:31', 2017, 4266.55, 472, 418, 147, 190, 154, 255, 3.18, '晴朗', 17.8, '东西网络这是时候价格自己今天.'),
(148, 96, '操场跑', '2024-03-11 17:09:16', '2024-03-11 18:03:56', 3280, 4472.46, 733, 693, 144, 166, 163, 268, 27.05, '有风', 24.6, '设计部门生产我的这样特别类别音乐生产.'),
(149, 97, '越野跑', '2024-07-30 21:08:20', '2024-07-30 22:55:48', 6448, 2190.36, 2943, 2901, 132, 151, 157, 131, 77.67, '小雨', 14.0, '基本程序对于还是品牌语言免费会员表示.'),
(150, 97, '越野跑', '2025-01-26 09:28:04', '2025-01-26 10:14:54', 2810, 7036.74, 399, 351, 149, 153, 180, 422, 9.04, '有风', 33.6, '电子计划以及发布学习一定.'),
(151, 97, '恢复跑', '2023-06-27 14:28:09', '2023-06-27 16:04:30', 5781, 4282.53, 1349, 1326, 134, 159, 177, 256, 151.04, '多云', 23.2, '管理各种软件回复不断你的精华城市看到制作.'),
(152, 97, '越野跑', '2023-10-01 08:38:10', '2023-10-01 10:07:07', 5337, 2706.20, 1972, 1956, 120, 157, 163, 162, 113.65, '小雨', 18.3, '继续支持只有经营管理.'),
(153, 97, '恢复跑', '2024-05-04 09:58:55', '2024-05-04 11:56:31', 7056, 9850.50, 716, 699, 133, 184, 173, 591, 18.87, '有风', 20.7, '点击起来政府要求联系一样.'),
(154, 98, '恢复跑', '2024-02-22 12:41:33', '2024-02-22 12:56:25', 892, 7972.16, 111, 75, 159, 184, 155, 478, 96.16, '有风', 34.4, '来自使用科技可是.'),
(155, 99, '间歇跑', '2023-07-29 15:09:29', '2023-07-29 16:42:42', 5593, 7814.26, 715, 686, 123, 167, 176, 468, 128.27, '多云', 24.4, '根据全部没有介绍参加大学发生一种不是.'),
(156, 99, '恢复跑', '2024-08-14 12:13:05', '2024-08-14 13:25:38', 4353, 9751.88, 446, 422, 123, 161, 162, 585, 295.43, '多云', 5.0, '生产政府一种方法公司.'),
(157, 99, '跑步', '2025-01-22 09:19:48', '2025-01-22 10:20:51', 3663, 7030.15, 521, 469, 169, 183, 155, 421, 199.61, '晴朗', 22.9, '资料孩子准备商品当然空间你的因此业务今天.'),
(158, 99, '跑步', '2024-02-10 13:41:03', '2024-02-10 14:05:06', 1443, 1148.13, 1256, 1207, 149, 161, 172, 68, 144.07, '小雨', 10.9, '东西根据不要项目其中到了.'),
(159, 100, '跑步', '2025-01-18 22:57:02', '2025-01-19 00:53:55', 7013, 3980.20, 1761, 1753, 100, 153, 167, 238, 124.01, '小雨', 5.0, '公司增加虽然行业社会来源这个首页网站.'),
(160, 100, '恢复跑', '2025-03-02 18:44:08', '2025-03-02 19:30:18', 2770, 5398.98, 513, 501, 106, 170, 159, 323, 112.11, '晴朗', 1.7, '时间留言支持都是积分积分环境部门.'),
(161, 100, '恢复跑', '2024-10-29 03:32:32', '2024-10-29 05:31:13', 7121, 1119.88, 6358, 6333, 105, 162, 150, 67, 150.10, '有风', 29.6, '能力以上一样完全或者环境看到这里原因发现根据.'),
(162, 101, '恢复跑', '2024-08-07 10:57:43', '2024-08-07 11:39:45', 2522, 4392.57, 574, 525, 111, 181, 151, 263, 180.84, '多云', 16.7, '特别发展地址生产音乐不同.'),
(163, 101, '越野跑', '2024-04-19 17:23:41', '2024-04-19 18:31:17', 4056, 5163.03, 785, 764, 101, 189, 150, 309, 286.97, '多云', 15.4, '品牌类型资料一个学校问题价格有限.'),
(164, 101, '跑步', '2024-01-17 03:54:00', '2024-01-17 05:09:30', 4530, 1389.35, 3260, 3240, 146, 161, 176, 83, 188.72, '多云', 24.5, '发现最新全国是一积分所以等级部门价格.'),
(165, 101, '操场跑', '2024-01-12 03:01:34', '2024-01-12 03:28:35', 1621, 7391.73, 219, 159, 168, 158, 180, 443, 144.76, '小雨', 27.1, '系统浏览还是系统方法经济.'),
(166, 103, 'Running', '2025-05-27 08:00:00', '2025-05-27 08:45:00', 2700, 7.50, 360, 330, 150, 170, NULL, 500, NULL, NULL, NULL, 'API test record'),
(167, 103, 'Running', '2025-05-27 08:00:00', '2025-05-27 08:45:00', 2700, 7.50, 360, 330, 150, 170, NULL, 500, NULL, NULL, NULL, 'API test record'),
(168, 103, 'Running', '2025-05-27 08:00:00', '2025-05-27 08:45:00', 2700, 7.50, 360, 330, 150, 170, NULL, 500, NULL, NULL, NULL, 'API test record'),
(169, 103, 'Running', '2025-05-27 08:00:00', '2025-05-27 08:45:00', 2700, 7.50, 360, 330, 150, 170, NULL, 500, NULL, NULL, NULL, 'API test record'),
(170, 103, 'Running', '2025-05-27 08:00:00', '2025-05-27 08:45:00', 2700, 7.50, 360, 330, 150, 170, NULL, 500, NULL, NULL, NULL, 'API test record'),
(171, 103, 'Running', '2025-05-27 08:00:00', '2025-05-27 08:45:00', 2700, 7.50, 360, 330, 150, 170, NULL, 500, NULL, NULL, NULL, 'API test record'),
(172, 103, 'Running', '2025-05-27 08:00:00', '2025-05-27 08:45:00', 2700, 7.50, 360, 330, 150, 170, NULL, 500, NULL, NULL, NULL, 'API test record'),
(173, 103, 'Running', '2025-05-27 08:00:00', '2025-05-27 08:45:00', 2700, 7.50, 360, 330, 150, 170, NULL, 500, NULL, NULL, NULL, 'API test record');

-- --------------------------------------------------------

--
-- 表的结构 `time_capsule`
--

CREATE TABLE `time_capsule` (
  `id` int NOT NULL,
  `user_id` int DEFAULT NULL,
  `target_months` int DEFAULT NULL,
  `metrics` json DEFAULT NULL,
  `reminder_freq` varchar(20) DEFAULT NULL,
  `created_at` datetime DEFAULT CURRENT_TIMESTAMP
) ENGINE=InnoDB DEFAULT CHARSET=utf8mb4 COLLATE=utf8mb4_0900_ai_ci;

--
-- 转存表中的数据 `time_capsule`
--

INSERT INTO `time_capsule` (`id`, `user_id`, `target_months`, `metrics`, `reminder_freq`, `created_at`) VALUES
(1, 2, 6, '{\"goal_distance_km\": 41, \"goal_pace_min_km\": \"4:28\", \"target_weight_kg\": 64.6}', 'monthly', '2025-05-27 07:21:57'),
(2, 2, 1, '{\"goal_distance_km\": 30, \"goal_pace_min_km\": \"5:07\", \"target_weight_kg\": 68.4}', 'monthly', '2025-05-27 07:21:57'),
(3, 3, 12, '{\"goal_distance_km\": 24, \"goal_pace_min_km\": \"6:16\", \"target_weight_kg\": 67.6}', 'quarterly', '2025-05-27 07:21:57'),
(4, 4, 6, '{\"goal_distance_km\": 19, \"goal_pace_min_km\": \"6:01\", \"target_weight_kg\": 72.0}', 'monthly', '2025-05-27 07:21:57'),
(5, 4, 3, '{\"goal_distance_km\": 38, \"goal_pace_min_km\": \"5:39\", \"target_weight_kg\": 66.6}', 'weekly', '2025-05-27 07:21:57'),
(6, 6, 6, '{\"goal_distance_km\": 5, \"goal_pace_min_km\": \"6:06\", \"target_weight_kg\": 70.7}', 'quarterly', '2025-05-27 07:21:57'),
(7, 7, 1, '{\"goal_distance_km\": 31, \"goal_pace_min_km\": \"6:01\", \"target_weight_kg\": 55.0}', 'quarterly', '2025-05-27 07:21:57'),
(8, 7, 6, '{\"goal_distance_km\": 9, \"goal_pace_min_km\": \"7:08\", \"target_weight_kg\": 54.0}', 'monthly', '2025-05-27 07:21:57'),
(9, 8, 1, '{\"goal_distance_km\": 34, \"goal_pace_min_km\": \"4:16\", \"target_weight_kg\": 58.9}', 'quarterly', '2025-05-27 07:21:57'),
(10, 11, 3, '{\"goal_distance_km\": 23, \"goal_pace_min_km\": \"5:35\", \"target_weight_kg\": 54.1}', 'quarterly', '2025-05-27 07:21:57'),
(11, 11, 12, '{\"goal_distance_km\": 6, \"goal_pace_min_km\": \"4:09\", \"target_weight_kg\": 56.5}', 'monthly', '2025-05-27 07:21:57'),
(12, 12, 3, '{\"goal_distance_km\": 14, \"goal_pace_min_km\": \"6:30\", \"target_weight_kg\": 70.2}', 'weekly', '2025-05-27 07:21:57'),
(13, 12, 1, '{\"goal_distance_km\": 6, \"goal_pace_min_km\": \"7:21\", \"target_weight_kg\": 64.7}', 'weekly', '2025-05-27 07:21:57'),
(14, 14, 1, '{\"goal_distance_km\": 17, \"goal_pace_min_km\": \"4:51\", \"target_weight_kg\": 78.6}', 'weekly', '2025-05-27 07:21:57'),
(15, 14, 3, '{\"goal_distance_km\": 7, \"goal_pace_min_km\": \"4:55\", \"target_weight_kg\": 71.4}', 'monthly', '2025-05-27 07:21:57'),
(16, 15, 1, '{\"goal_distance_km\": 21, \"goal_pace_min_km\": \"4:25\", \"target_weight_kg\": 68.4}', 'quarterly', '2025-05-27 07:21:57'),
(17, 15, 1, '{\"goal_distance_km\": 28, \"goal_pace_min_km\": \"5:56\", \"target_weight_kg\": 78.8}', 'weekly', '2025-05-27 07:21:57'),
(18, 16, 3, '{\"goal_distance_km\": 18, \"goal_pace_min_km\": \"4:37\", \"target_weight_kg\": 62.4}', 'weekly', '2025-05-27 07:21:57'),
(19, 19, 3, '{\"goal_distance_km\": 14, \"goal_pace_min_km\": \"7:49\", \"target_weight_kg\": 57.9}', 'weekly', '2025-05-27 07:21:57'),
(20, 19, 12, '{\"goal_distance_km\": 9, \"goal_pace_min_km\": \"5:43\", \"target_weight_kg\": 53.2}', 'monthly', '2025-05-27 07:21:57'),
(21, 20, 3, '{\"goal_distance_km\": 26, \"goal_pace_min_km\": \"6:29\", \"target_weight_kg\": 53.5}', 'monthly', '2025-05-27 07:21:57'),
(22, 20, 6, '{\"goal_distance_km\": 15, \"goal_pace_min_km\": \"6:54\", \"target_weight_kg\": 65.4}', 'quarterly', '2025-05-27 07:21:57'),
(23, 21, 3, '{\"goal_distance_km\": 7, \"goal_pace_min_km\": \"7:48\", \"target_weight_kg\": 60.8}', 'weekly', '2025-05-27 07:21:57'),
(24, 21, 1, '{\"goal_distance_km\": 39, \"goal_pace_min_km\": \"4:33\", \"target_weight_kg\": 60.1}', 'quarterly', '2025-05-27 07:21:57'),
(25, 22, 6, '{\"goal_distance_km\": 18, \"goal_pace_min_km\": \"5:24\", \"target_weight_kg\": 62.4}', 'monthly', '2025-05-27 07:22:07'),
(26, 23, 1, '{\"goal_distance_km\": 7, \"goal_pace_min_km\": \"5:50\", \"target_weight_kg\": 76.4}', 'monthly', '2025-05-27 07:22:07'),
(27, 24, 3, '{\"goal_distance_km\": 26, \"goal_pace_min_km\": \"5:02\", \"target_weight_kg\": 71.8}', 'quarterly', '2025-05-27 07:22:07'),
(28, 28, 12, '{\"goal_distance_km\": 10, \"goal_pace_min_km\": \"7:35\", \"target_weight_kg\": 58.3}', 'quarterly', '2025-05-27 07:22:07'),
(29, 29, 1, '{\"goal_distance_km\": 30, \"goal_pace_min_km\": \"4:54\", \"target_weight_kg\": 56.9}', 'monthly', '2025-05-27 07:22:07'),
(30, 29, 12, '{\"goal_distance_km\": 35, \"goal_pace_min_km\": \"6:31\", \"target_weight_kg\": 67.2}', 'weekly', '2025-05-27 07:22:07'),
(31, 30, 6, '{\"goal_distance_km\": 38, \"goal_pace_min_km\": \"5:10\", \"target_weight_kg\": 65.5}', 'quarterly', '2025-05-27 07:22:07'),
(32, 30, 3, '{\"goal_distance_km\": 13, \"goal_pace_min_km\": \"6:51\", \"target_weight_kg\": 61.1}', 'quarterly', '2025-05-27 07:22:07'),
(33, 32, 3, '{\"goal_distance_km\": 32, \"goal_pace_min_km\": \"4:54\", \"target_weight_kg\": 77.3}', 'quarterly', '2025-05-27 07:22:07'),
(34, 32, 1, '{\"goal_distance_km\": 15, \"goal_pace_min_km\": \"4:54\", \"target_weight_kg\": 71.8}', 'monthly', '2025-05-27 07:22:07'),
(35, 33, 6, '{\"goal_distance_km\": 39, \"goal_pace_min_km\": \"5:23\", \"target_weight_kg\": 59.2}', 'quarterly', '2025-05-27 07:22:07'),
(36, 34, 12, '{\"goal_distance_km\": 17, \"goal_pace_min_km\": \"6:12\", \"target_weight_kg\": 54.6}', 'monthly', '2025-05-27 07:22:07'),
(37, 35, 6, '{\"goal_distance_km\": 25, \"goal_pace_min_km\": \"6:15\", \"target_weight_kg\": 75.3}', 'monthly', '2025-05-27 07:22:07'),
(38, 35, 6, '{\"goal_distance_km\": 11, \"goal_pace_min_km\": \"4:38\", \"target_weight_kg\": 66.4}', 'quarterly', '2025-05-27 07:22:07'),
(39, 42, 6, '{\"goal_distance_km\": 22, \"goal_pace_min_km\": \"4:35\", \"target_weight_kg\": 67.9}', 'quarterly', '2025-05-27 07:24:30'),
(40, 42, 1, '{\"goal_distance_km\": 19, \"goal_pace_min_km\": \"4:46\", \"target_weight_kg\": 68.9}', 'quarterly', '2025-05-27 07:24:30'),
(41, 43, 6, '{\"goal_distance_km\": 38, \"goal_pace_min_km\": \"7:10\", \"target_weight_kg\": 65.3}', 'weekly', '2025-05-27 07:24:30'),
(42, 44, 1, '{\"goal_distance_km\": 40, \"goal_pace_min_km\": \"5:46\", \"target_weight_kg\": 72.4}', 'quarterly', '2025-05-27 07:24:30'),
(43, 44, 3, '{\"goal_distance_km\": 26, \"goal_pace_min_km\": \"6:37\", \"target_weight_kg\": 54.7}', 'quarterly', '2025-05-27 07:24:30'),
(44, 45, 12, '{\"goal_distance_km\": 26, \"goal_pace_min_km\": \"6:08\", \"target_weight_kg\": 76.1}', 'quarterly', '2025-05-27 07:24:30'),
(45, 46, 12, '{\"goal_distance_km\": 13, \"goal_pace_min_km\": \"7:25\", \"target_weight_kg\": 60.6}', 'weekly', '2025-05-27 07:24:30'),
(46, 46, 12, '{\"goal_distance_km\": 27, \"goal_pace_min_km\": \"4:16\", \"target_weight_kg\": 63.6}', 'monthly', '2025-05-27 07:24:30'),
(47, 48, 12, '{\"goal_distance_km\": 20, \"goal_pace_min_km\": \"6:55\", \"target_weight_kg\": 62.3}', 'weekly', '2025-05-27 07:24:30'),
(48, 50, 6, '{\"goal_distance_km\": 5, \"goal_pace_min_km\": \"4:37\", \"target_weight_kg\": 59.8}', 'weekly', '2025-05-27 07:24:30'),
(49, 50, 12, '{\"goal_distance_km\": 14, \"goal_pace_min_km\": \"7:14\", \"target_weight_kg\": 60.2}', 'monthly', '2025-05-27 07:24:30'),
(50, 51, 3, '{\"goal_distance_km\": 31, \"goal_pace_min_km\": \"6:19\", \"target_weight_kg\": 73.3}', 'weekly', '2025-05-27 07:24:30'),
(51, 55, 12, '{\"goal_distance_km\": 15, \"goal_pace_min_km\": \"6:39\", \"target_weight_kg\": 76.5}', 'monthly', '2025-05-27 07:24:30'),
(52, 57, 1, '{\"goal_distance_km\": 22, \"goal_pace_min_km\": \"6:25\", \"target_weight_kg\": 52.0}', 'weekly', '2025-05-27 07:24:30'),
(53, 57, 1, '{\"goal_distance_km\": 30, \"goal_pace_min_km\": \"5:10\", \"target_weight_kg\": 50.7}', 'quarterly', '2025-05-27 07:24:30'),
(54, 59, 6, '{\"goal_distance_km\": 30, \"goal_pace_min_km\": \"7:46\", \"target_weight_kg\": 53.2}', 'quarterly', '2025-05-27 07:24:30'),
(55, 60, 1, '{\"goal_distance_km\": 35, \"goal_pace_min_km\": \"4:59\", \"target_weight_kg\": 57.0}', 'weekly', '2025-05-27 07:24:30'),
(56, 60, 12, '{\"goal_distance_km\": 27, \"goal_pace_min_km\": \"4:48\", \"target_weight_kg\": 54.6}', 'quarterly', '2025-05-27 07:24:30'),
(57, 61, 6, '{\"goal_distance_km\": 30, \"goal_pace_min_km\": \"7:16\", \"target_weight_kg\": 58.2}', 'weekly', '2025-05-27 07:24:30'),
(58, 61, 6, '{\"goal_distance_km\": 8, \"goal_pace_min_km\": \"4:55\", \"target_weight_kg\": 68.8}', 'weekly', '2025-05-27 07:24:30'),
(59, 62, 1, '{\"goal_distance_km\": 38, \"goal_pace_min_km\": \"6:33\", \"target_weight_kg\": 58.0}', 'quarterly', '2025-05-27 07:26:01'),
(60, 63, 3, '{\"goal_distance_km\": 31, \"goal_pace_min_km\": \"5:09\", \"target_weight_kg\": 73.3}', 'monthly', '2025-05-27 07:26:01'),
(61, 63, 12, '{\"goal_distance_km\": 27, \"goal_pace_min_km\": \"5:45\", \"target_weight_kg\": 78.6}', 'quarterly', '2025-05-27 07:26:01'),
(62, 64, 6, '{\"goal_distance_km\": 25, \"goal_pace_min_km\": \"4:03\", \"target_weight_kg\": 79.6}', 'monthly', '2025-05-27 07:26:01'),
(63, 64, 1, '{\"goal_distance_km\": 16, \"goal_pace_min_km\": \"6:48\", \"target_weight_kg\": 51.6}', 'quarterly', '2025-05-27 07:26:01'),
(64, 65, 3, '{\"goal_distance_km\": 7, \"goal_pace_min_km\": \"7:22\", \"target_weight_kg\": 78.8}', 'quarterly', '2025-05-27 07:26:01'),
(65, 66, 3, '{\"goal_distance_km\": 18, \"goal_pace_min_km\": \"4:26\", \"target_weight_kg\": 62.5}', 'quarterly', '2025-05-27 07:26:01'),
(66, 66, 6, '{\"goal_distance_km\": 31, \"goal_pace_min_km\": \"5:35\", \"target_weight_kg\": 53.5}', 'monthly', '2025-05-27 07:26:01'),
(67, 67, 6, '{\"goal_distance_km\": 17, \"goal_pace_min_km\": \"7:49\", \"target_weight_kg\": 50.8}', 'weekly', '2025-05-27 07:26:01'),
(68, 67, 3, '{\"goal_distance_km\": 6, \"goal_pace_min_km\": \"5:16\", \"target_weight_kg\": 66.5}', 'weekly', '2025-05-27 07:26:01'),
(69, 69, 6, '{\"goal_distance_km\": 25, \"goal_pace_min_km\": \"5:02\", \"target_weight_kg\": 53.7}', 'weekly', '2025-05-27 07:26:01'),
(70, 69, 1, '{\"goal_distance_km\": 9, \"goal_pace_min_km\": \"7:40\", \"target_weight_kg\": 50.6}', 'weekly', '2025-05-27 07:26:01'),
(71, 70, 6, '{\"goal_distance_km\": 39, \"goal_pace_min_km\": \"4:36\", \"target_weight_kg\": 62.9}', 'weekly', '2025-05-27 07:26:01'),
(72, 73, 12, '{\"goal_distance_km\": 12, \"goal_pace_min_km\": \"4:01\", \"target_weight_kg\": 50.9}', 'weekly', '2025-05-27 07:26:01'),
(73, 73, 6, '{\"goal_distance_km\": 22, \"goal_pace_min_km\": \"5:32\", \"target_weight_kg\": 76.6}', 'quarterly', '2025-05-27 07:26:01'),
(74, 74, 1, '{\"goal_distance_km\": 33, \"goal_pace_min_km\": \"5:16\", \"target_weight_kg\": 51.0}', 'quarterly', '2025-05-27 07:26:01'),
(75, 74, 1, '{\"goal_distance_km\": 42, \"goal_pace_min_km\": \"4:47\", \"target_weight_kg\": 68.9}', 'quarterly', '2025-05-27 07:26:01'),
(76, 75, 6, '{\"goal_distance_km\": 36, \"goal_pace_min_km\": \"6:39\", \"target_weight_kg\": 66.0}', 'monthly', '2025-05-27 07:26:01'),
(77, 77, 3, '{\"goal_distance_km\": 22, \"goal_pace_min_km\": \"7:25\", \"target_weight_kg\": 55.4}', 'monthly', '2025-05-27 07:26:01'),
(78, 77, 1, '{\"goal_distance_km\": 31, \"goal_pace_min_km\": \"7:04\", \"target_weight_kg\": 68.0}', 'weekly', '2025-05-27 07:26:01'),
(79, 78, 6, '{\"goal_distance_km\": 20, \"goal_pace_min_km\": \"5:26\", \"target_weight_kg\": 68.9}', 'monthly', '2025-05-27 07:26:01'),
(80, 78, 6, '{\"goal_distance_km\": 32, \"goal_pace_min_km\": \"5:01\", \"target_weight_kg\": 66.6}', 'quarterly', '2025-05-27 07:26:01'),
(81, 79, 6, '{\"goal_distance_km\": 39, \"goal_pace_min_km\": \"5:07\", \"target_weight_kg\": 70.9}', 'weekly', '2025-05-27 07:26:01'),
(82, 79, 12, '{\"goal_distance_km\": 37, \"goal_pace_min_km\": \"7:22\", \"target_weight_kg\": 56.7}', 'quarterly', '2025-05-27 07:26:01'),
(83, 83, 6, '{\"goal_distance_km\": 14, \"goal_pace_min_km\": \"7:22\", \"target_weight_kg\": 52.9}', 'quarterly', '2025-05-27 07:26:07'),
(84, 85, 1, '{\"goal_distance_km\": 34, \"goal_pace_min_km\": \"4:33\", \"target_weight_kg\": 51.4}', 'monthly', '2025-05-27 07:26:07'),
(85, 86, 3, '{\"goal_distance_km\": 9, \"goal_pace_min_km\": \"5:32\", \"target_weight_kg\": 57.8}', 'quarterly', '2025-05-27 07:26:07'),
(86, 86, 1, '{\"goal_distance_km\": 41, \"goal_pace_min_km\": \"6:14\", \"target_weight_kg\": 78.2}', 'quarterly', '2025-05-27 07:26:07'),
(87, 87, 12, '{\"goal_distance_km\": 14, \"goal_pace_min_km\": \"5:43\", \"target_weight_kg\": 57.9}', 'monthly', '2025-05-27 07:26:07'),
(88, 89, 3, '{\"goal_distance_km\": 36, \"goal_pace_min_km\": \"4:24\", \"target_weight_kg\": 78.6}', 'monthly', '2025-05-27 07:26:07'),
(89, 90, 6, '{\"goal_distance_km\": 34, \"goal_pace_min_km\": \"6:13\", \"target_weight_kg\": 77.3}', 'weekly', '2025-05-27 07:26:07'),
(90, 91, 1, '{\"goal_distance_km\": 36, \"goal_pace_min_km\": \"6:38\", \"target_weight_kg\": 65.3}', 'quarterly', '2025-05-27 07:26:07'),
(91, 91, 1, '{\"goal_distance_km\": 30, \"goal_pace_min_km\": \"7:10\", \"target_weight_kg\": 67.4}', 'monthly', '2025-05-27 07:26:07'),
(92, 92, 12, '{\"goal_distance_km\": 34, \"goal_pace_min_km\": \"7:16\", \"target_weight_kg\": 66.3}', 'monthly', '2025-05-27 07:26:07'),
(93, 94, 1, '{\"goal_distance_km\": 33, \"goal_pace_min_km\": \"5:16\", \"target_weight_kg\": 77.3}', 'quarterly', '2025-05-27 07:26:07'),
(94, 94, 3, '{\"goal_distance_km\": 7, \"goal_pace_min_km\": \"4:23\", \"target_weight_kg\": 68.8}', 'weekly', '2025-05-27 07:26:07'),
(95, 95, 6, '{\"goal_distance_km\": 39, \"goal_pace_min_km\": \"4:51\", \"target_weight_kg\": 57.7}', 'monthly', '2025-05-27 07:26:07'),
(96, 96, 3, '{\"goal_distance_km\": 35, \"goal_pace_min_km\": \"7:55\", \"target_weight_kg\": 76.4}', 'monthly', '2025-05-27 07:26:07'),
(97, 96, 1, '{\"goal_distance_km\": 38, \"goal_pace_min_km\": \"5:59\", \"target_weight_kg\": 58.0}', 'monthly', '2025-05-27 07:26:07'),
(98, 97, 3, '{\"goal_distance_km\": 18, \"goal_pace_min_km\": \"6:14\", \"target_weight_kg\": 58.3}', 'weekly', '2025-05-27 07:26:07'),
(99, 98, 3, '{\"goal_distance_km\": 36, \"goal_pace_min_km\": \"5:05\", \"target_weight_kg\": 69.7}', 'weekly', '2025-05-27 07:26:07'),
(100, 99, 6, '{\"goal_distance_km\": 32, \"goal_pace_min_km\": \"4:48\", \"target_weight_kg\": 79.8}', 'quarterly', '2025-05-27 07:26:07'),
(101, 101, 1, '{\"goal_distance_km\": 39, \"goal_pace_min_km\": \"4:47\", \"target_weight_kg\": 60.8}', 'monthly', '2025-05-27 07:26:07'),
(102, 101, 12, '{\"goal_distance_km\": 6, \"goal_pace_min_km\": \"4:09\", \"target_weight_kg\": 68.8}', 'monthly', '2025-05-27 07:26:07');

-- --------------------------------------------------------

--
-- 表的结构 `users`
--

CREATE TABLE `users` (
  `id` int NOT NULL,
  `openid` varchar(50) CHARACTER SET utf8mb4 COLLATE utf8mb4_0900_ai_ci DEFAULT NULL,
  `username` varchar(50) CHARACTER SET utf8mb4 COLLATE utf8mb4_0900_ai_ci DEFAULT NULL,
  `gender` tinyint DEFAULT NULL COMMENT '0:未知, 1:男, 2:女',
  `age` int DEFAULT NULL,
  `height` decimal(5,2) DEFAULT NULL COMMENT '身高(cm)',
  `weight` decimal(5,2) DEFAULT NULL COMMENT '体重(kg)',
  `level` varchar(20) CHARACTER SET utf8mb4 COLLATE utf8mb4_0900_ai_ci DEFAULT NULL COMMENT '跑步水平:beginner/intermediate/advanced',
  `total_workouts` int DEFAULT '0',
  `total_duration` int DEFAULT '0' COMMENT '总运动时长(分钟)',
  `total_distance` decimal(10,2) DEFAULT '0.00' COMMENT '总运动距离(km)',
  `created_at` timestamp NULL DEFAULT CURRENT_TIMESTAMP,
  `updated_at` timestamp NULL DEFAULT CURRENT_TIMESTAMP ON UPDATE CURRENT_TIMESTAMP,
  `password` varchar(255) CHARACTER SET utf8mb4 COLLATE utf8mb4_0900_ai_ci NOT NULL,
  `email` varchar(255) CHARACTER SET utf8mb4 COLLATE utf8mb4_0900_ai_ci NOT NULL
) ENGINE=InnoDB DEFAULT CHARSET=utf8mb4 COLLATE=utf8mb4_0900_ai_ci ROW_FORMAT=DYNAMIC;

--
-- 转存表中的数据 `users`
--

INSERT INTO `users` (`id`, `openid`, `username`, `gender`, `age`, `height`, `weight`, `level`, `total_workouts`, `total_duration`, `total_distance`, `created_at`, `updated_at`, `password`, `email`) VALUES
(2, '61da9c85-7cde-4f36-bd1b-d041d0581095', 'tren', 1, 58, 187.10, 92.74, 'beginner', 0, 0, 0.00, '2025-05-26 23:21:55', '2025-05-26 23:21:55', 'V*RpL%a1AOq3', 'dingxiulan@example.com'),
(3, 'bc21c9c7-2eec-4c94-9025-0f78fa343a03', 'uzheng', 0, 30, 163.96, 91.29, 'advanced', 0, 0, 0.00, '2025-05-26 23:21:55', '2025-05-26 23:21:55', 'lFhu71geh$R)', 'fanwei@example.net'),
(4, '2a138a30-db91-48cd-bf15-707d1ab1a133', 'jing57', 2, 32, 186.75, 88.66, 'intermediate', 0, 0, 0.00, '2025-05-26 23:21:55', '2025-05-26 23:21:55', '756HNo3zi1!2', 'lima@example.org'),
(5, '2a3ee484-ca37-4493-b113-1977595e7375', 'gzhou', 0, 56, 169.50, 71.28, 'intermediate', 0, 0, 0.00, '2025-05-26 23:21:55', '2025-05-26 23:21:55', '%Ee0WMhPvFy1', 'na20@example.org'),
(6, '168f2dba-74af-4fd0-92da-8c4f1fdf5cc8', 'ganglei', 2, 55, 159.31, 72.37, 'intermediate', 0, 0, 0.00, '2025-05-26 23:21:55', '2025-05-26 23:21:55', 'sPcSgqEj)2a5', 'heli@example.net'),
(7, 'ac93621f-e33d-43ed-9419-e2b606e3eea3', 'jing35', 1, 48, 194.51, 72.23, 'intermediate', 0, 0, 0.00, '2025-05-26 23:21:55', '2025-05-26 23:21:55', 'VaX8hMNHV%33', 'qiang61@example.com'),
(8, '06fe543b-38a2-44b3-acc2-b0cf363a56ff', 'juantan', 1, 55, 155.59, 52.63, 'intermediate', 0, 0, 0.00, '2025-05-26 23:21:55', '2025-05-26 23:21:55', '2ROiUDdr^4TG', 'xiuying55@example.org'),
(9, '165e2cf0-1ee3-45de-9830-6a7efbdd791a', 'epan', 1, 44, 154.92, 66.57, 'beginner', 0, 0, 0.00, '2025-05-26 23:21:56', '2025-05-26 23:21:56', 'nZxN*Qr$m$5D', 'baiwei@example.org'),
(10, 'b152c92f-b44b-46b1-9e3e-31fb7a5adf09', 'pingxiong', 0, 27, 186.12, 95.68, 'intermediate', 0, 0, 0.00, '2025-05-26 23:21:56', '2025-05-26 23:21:56', '$Kg3qORa$n0X', 'yzeng@example.com'),
(11, '0eb966b6-6bff-4194-b8f5-a4b3dfbd4ad6', 'wei40', 2, 29, 185.28, 75.97, 'beginner', 0, 0, 0.00, '2025-05-26 23:21:56', '2025-05-26 23:21:56', '&2IKQ(T1qqEe', 'ihao@example.com'),
(12, '462310f4-24c9-43e6-9783-55ac6ca83c88', 'wei71', 0, 29, 152.86, 70.20, 'intermediate', 0, 0, 0.00, '2025-05-26 23:21:56', '2025-05-26 23:21:56', 'CbQB3TGp_I%$', 'tao87@example.org'),
(13, 'da1e8f8e-987d-4deb-bf70-13996c3d56bb', 'leichen', 2, 41, 199.88, 53.44, 'beginner', 0, 0, 0.00, '2025-05-26 23:21:56', '2025-05-26 23:21:56', '!OyIuh!1P28q', 'taohe@example.org'),
(14, '837f7ac6-ae3d-4da9-a67d-c5908c3d355a', 'yongchang', 2, 34, 178.88, 76.56, 'beginner', 0, 0, 0.00, '2025-05-26 23:21:56', '2025-05-26 23:21:56', 'p7N6cY%6)m6z', 'xhou@example.com'),
(15, '956154ce-42c6-4638-bc59-93996b684a02', 'xiaqiu', 2, 40, 187.74, 67.34, 'advanced', 0, 0, 0.00, '2025-05-26 23:21:56', '2025-05-26 23:21:56', 'UnuD4N(ih+3B', 'xliao@example.com'),
(16, 'a074e9ea-50ea-4d39-8ce1-0deb415e1c89', 'jun20', 0, 35, 195.91, 87.50, 'beginner', 0, 0, 0.00, '2025-05-26 23:21:56', '2025-05-26 23:21:56', '2Y7_KFjw&yat', 'qiangchang@example.org'),
(17, 'ecd51493-74da-4d0b-9b52-7be84737a587', 'vliang', 1, 56, 189.93, 80.20, 'intermediate', 0, 0, 0.00, '2025-05-26 23:21:56', '2025-05-26 23:21:56', '57LEvHlEF6*h', 'linwei@example.com'),
(18, 'c25f2a79-68fc-4389-9ef7-0c050a9a6b00', 'wyao', 2, 31, 181.21, 91.45, 'advanced', 0, 0, 0.00, '2025-05-26 23:21:56', '2025-05-26 23:21:56', 'j+ZUj9Mq)+7i', 'fanqiang@example.org'),
(19, '371aabf5-57c4-418e-888c-3cf0838313fb', 'jinggu', 2, 47, 173.17, 79.48, 'beginner', 0, 0, 0.00, '2025-05-26 23:21:56', '2025-05-26 23:21:56', '$3IgTJd8(m13', 'ashi@example.org'),
(20, '323875c9-5299-4275-b7da-9f6c2b74a251', 'qiaofang', 0, 18, 174.36, 59.85, 'beginner', 0, 0, 0.00, '2025-05-26 23:21:56', '2025-05-26 23:21:56', '(X0tbj^ZB_L9', 'yanglong@example.org'),
(21, '4a691cf1-3e73-4b24-b5ad-6fed72bf5ea1', 'chaosu', 2, 35, 173.99, 65.47, 'advanced', 0, 0, 0.00, '2025-05-26 23:21:56', '2025-05-26 23:21:56', 'WP^1hoYlrz)d', 'cuiyan@example.org'),
(22, 'fc96fb3a-4f46-44af-9849-557c4ef1e78c', 'ryuan', 2, 34, 158.30, 58.89, 'beginner', 0, 0, 0.00, '2025-05-26 23:22:05', '2025-05-26 23:22:05', 'z(8zDw*phkxT', 'caixiuying@example.org'),
(23, '7fd9409a-34c3-4d99-9bc0-f3f25f82ca53', 'yan81', 0, 24, 182.36, 93.25, 'advanced', 0, 0, 0.00, '2025-05-26 23:22:05', '2025-05-26 23:22:05', '5wb+SeaO!S0k', 'qianglin@example.net'),
(24, 'd74e0035-0b87-4148-8736-be8107e7af98', 'hxiong', 1, 19, 152.71, 74.98, 'intermediate', 0, 0, 0.00, '2025-05-26 23:22:06', '2025-05-26 23:22:06', 'Kf%2AKRhkNYX', 'changjuan@example.org'),
(25, 'bdf883ca-db41-4636-8aef-4492e645fe05', 'junhou', 1, 43, 171.53, 54.05, 'intermediate', 0, 0, 0.00, '2025-05-26 23:22:06', '2025-05-26 23:22:06', '5@TV(IfmE88R', 'jun02@example.net'),
(26, '3e507b16-9662-4702-89ca-e1a32e0d866e', 'fqian', 0, 41, 181.74, 72.25, 'intermediate', 0, 0, 0.00, '2025-05-26 23:22:06', '2025-05-26 23:22:06', 'Uv^GMbl2AIO7', 'nahe@example.org'),
(27, '9ea79488-b46c-4625-870a-cb53299272cf', 'qiangshi', 0, 41, 174.32, 64.51, 'advanced', 0, 0, 0.00, '2025-05-26 23:22:06', '2025-05-26 23:22:06', '0uHXPtH!T!22', 'yang19@example.net'),
(28, '5d420a1a-7c00-438b-bf55-0b1ae548d559', 'wei85', 0, 59, 190.92, 79.27, 'beginner', 0, 0, 0.00, '2025-05-26 23:22:06', '2025-05-26 23:22:06', '7X%sEsdejV2J', 'pxue@example.com'),
(29, 'bbb5d2a0-51a0-4499-b213-34f879745d6f', 'yongqiu', 0, 55, 187.65, 72.78, 'advanced', 0, 0, 0.00, '2025-05-26 23:22:06', '2025-05-26 23:22:06', '^8HoEfJ7Yr(b', 'jie36@example.org'),
(30, '2ae4a28c-d8a6-41e1-9b47-b526e663c882', 'schen', 0, 60, 176.07, 81.96, 'advanced', 0, 0, 0.00, '2025-05-26 23:22:06', '2025-05-26 23:22:06', 'W6x08Eceo$O+', 'taoli@example.org'),
(31, '8b27aa14-6122-4ed3-ba60-8d348276e458', 'ming97', 2, 57, 161.42, 59.02, 'intermediate', 0, 0, 0.00, '2025-05-26 23:22:06', '2025-05-26 23:22:06', '0ISp1Vn%_^M$', 'chenyan@example.org'),
(32, 'a84406c8-4e28-41a8-a568-bb33742dd2ac', 'azhu', 0, 57, 193.06, 50.55, 'advanced', 0, 0, 0.00, '2025-05-26 23:22:06', '2025-05-26 23:22:06', 'jnO$hqsf0l7P', 'jgao@example.org'),
(33, '79433769-3e78-49d8-8be4-a5b45d2e89e7', 'chao72', 0, 39, 158.51, 77.06, 'intermediate', 0, 0, 0.00, '2025-05-26 23:22:06', '2025-05-26 23:22:06', 'p7thd*0J)uRE', 'xia34@example.net'),
(34, '3cb0a2d7-3961-4d83-b726-42dac3683ed5', 'xiulandai', 2, 39, 165.62, 96.03, 'beginner', 0, 0, 0.00, '2025-05-26 23:22:06', '2025-05-26 23:22:06', '+D@Tq)FtP!0A', 'renyang@example.net'),
(35, '62989a99-8c60-4dd6-beba-4fd102f762a8', 'mhuang', 2, 56, 191.49, 63.93, 'beginner', 0, 0, 0.00, '2025-05-26 23:22:06', '2025-05-26 23:22:06', 'WCj6!oQrO%l4', 'li21@example.com'),
(36, '228b9894-f521-4c8e-97a4-321bd075f304', 'yuanjie', 1, 30, 176.89, 95.84, 'beginner', 0, 0, 0.00, '2025-05-26 23:22:06', '2025-05-26 23:22:06', '^nZaGswhWl07', 'ping29@example.net'),
(37, '6eac191e-72e2-417e-92eb-856f019372c2', 'rpan', 1, 21, 159.84, 66.04, 'advanced', 0, 0, 0.00, '2025-05-26 23:22:06', '2025-05-26 23:22:06', '@rShOZEcs#1e', 'xiuying89@example.org'),
(38, '3793e54e-00fc-478d-bbc3-ddcc0e14c839', 'qlai', 0, 53, 153.41, 92.52, 'advanced', 0, 0, 0.00, '2025-05-26 23:22:06', '2025-05-26 23:22:06', 'O^wafPacBF88', 'min90@example.com'),
(39, 'faa2e834-b78e-424a-86df-145da678b5ed', 'mowei', 0, 34, 159.18, 56.90, 'advanced', 0, 0, 0.00, '2025-05-26 23:22:06', '2025-05-26 23:22:06', 'U71znl^K*SUz', 'blu@example.com'),
(40, '7458d142-c35e-4e69-9139-8b720c2a1c69', 'fanlei', 2, 34, 186.49, 80.41, 'advanced', 0, 0, 0.00, '2025-05-26 23:22:06', '2025-05-26 23:22:06', '!9DM#rqm&ABt', 'qiangliao@example.net'),
(41, '23d9e794-4b60-4082-bdaf-6bb782e4cb9f', 'ngong', 1, 58, 165.37, 54.76, 'intermediate', 0, 0, 0.00, '2025-05-26 23:22:06', '2025-05-26 23:22:06', 'HN9Ji$rNLNs+', 'mingqin@example.com'),
(42, '1980779b-55de-4475-9899-190a6560e20f', 'phu', 0, 28, 159.46, 79.06, 'intermediate', 0, 0, 0.00, '2025-05-26 23:24:29', '2025-05-26 23:24:29', '8!2RwS$dUl3B', 'duanguiying@example.net'),
(43, 'e9c61d0a-dc3a-4b2b-a0c1-4907563a8cac', 'jing42', 2, 49, 182.30, 68.36, 'beginner', 0, 0, 0.00, '2025-05-26 23:24:29', '2025-05-26 23:24:29', '(jTBnf^R2YD@', 'shenming@example.net'),
(44, '6bb68b45-0775-4d95-8693-fcb4bbfc06e9', 'caoli', 2, 50, 193.33, 60.22, 'intermediate', 0, 0, 0.00, '2025-05-26 23:24:29', '2025-05-26 23:24:29', '_XIt4Q&*4@gR', 'laigang@example.com'),
(45, '0c08357d-fb89-47d5-a5ad-86089237c5fd', 'yanshao', 1, 26, 176.05, 80.50, 'advanced', 0, 0, 0.00, '2025-05-26 23:24:29', '2025-05-26 23:24:29', '93N4&NafnPp@', 'wei59@example.com'),
(46, '6f782f19-43f3-4091-9190-5b209d5ebf96', 'jinyong', 1, 21, 184.72, 85.31, 'advanced', 0, 0, 0.00, '2025-05-26 23:24:29', '2025-05-26 23:24:29', 'Pi6K!2Gw_a8#', 'mengjing@example.org'),
(47, '886300e8-aa96-4aa9-bd9f-2e27d016b2be', 'li14', 0, 31, 178.75, 64.92, 'advanced', 0, 0, 0.00, '2025-05-26 23:24:29', '2025-05-26 23:24:29', '7ANGiDj9$7SY', 'yang45@example.net'),
(48, '456a386d-917b-487f-8321-deb887be210c', 'qfu', 2, 54, 174.57, 55.12, 'beginner', 0, 0, 0.00, '2025-05-26 23:24:29', '2025-05-26 23:24:29', '390Zhiez^cU#', 'liangxia@example.net'),
(49, '0852df0b-b8a6-4434-8fc6-402e02334cfb', 'ptian', 2, 28, 158.38, 86.34, 'advanced', 0, 0, 0.00, '2025-05-26 23:24:29', '2025-05-26 23:24:29', '#$tt4+Yg)am%', 'min79@example.com'),
(50, '2862e7fa-ed4d-4639-b2fd-69e18631bf1a', 'lhuang', 0, 59, 153.74, 84.30, 'beginner', 0, 0, 0.00, '2025-05-26 23:24:29', '2025-05-26 23:24:29', 'e(i%L0Up0C2O', 'tianming@example.com'),
(51, 'b81ed15b-0344-4eac-b727-01eec6444aaf', 'fanping', 2, 59, 175.64, 84.47, 'advanced', 0, 0, 0.00, '2025-05-26 23:24:29', '2025-05-26 23:24:29', 'e)C&5@JP)w1d', 'hewei@example.org'),
(52, 'aade896a-30c4-4d7a-88e3-aa29a12d2585', 'jing41', 1, 35, 171.03, 85.84, 'advanced', 0, 0, 0.00, '2025-05-26 23:24:29', '2025-05-26 23:24:29', '!Nn4KDxgzbVQ', 'yanjing@example.org'),
(53, 'd3de5bf7-df49-4af9-8e49-0e9eaf0003a1', 'gangcheng', 1, 35, 167.32, 86.57, 'beginner', 0, 0, 0.00, '2025-05-26 23:24:29', '2025-05-26 23:24:29', '@X95V0fr)&HL', 'taolong@example.net'),
(54, '317d2196-c74a-4161-a128-df402ca5ca5a', 'liwang', 1, 59, 199.52, 62.31, 'intermediate', 0, 0, 0.00, '2025-05-26 23:24:29', '2025-05-26 23:24:29', '_7ISBqMf+qwb', 'uxu@example.org'),
(55, 'c24f871d-eef1-441c-88e6-beee2953661f', 'taoliu', 2, 40, 173.21, 52.29, 'beginner', 0, 0, 0.00, '2025-05-26 23:24:30', '2025-05-26 23:24:30', '5lRl^FNE_CVQ', 'gang73@example.com'),
(56, 'cb089bc3-6154-449c-b838-d97211068663', 'jyang', 2, 53, 151.72, 90.23, 'beginner', 0, 0, 0.00, '2025-05-26 23:24:30', '2025-05-26 23:24:30', '1!yZd1DlI@1H', 'yongfang@example.net'),
(57, '83b39fc4-b231-4bd9-8a90-70ecd03452a3', 'xiuying56', 0, 35, 167.19, 75.70, 'intermediate', 0, 0, 0.00, '2025-05-26 23:24:30', '2025-05-26 23:24:30', 'Jp0_qAe3C!1C', 'juanjiang@example.org'),
(58, 'd12eb984-b530-4d4d-a021-63c98ab21d49', 'caijie', 1, 54, 173.69, 96.01, 'beginner', 0, 0, 0.00, '2025-05-26 23:24:30', '2025-05-26 23:24:30', 'QY*&5WfK_Wo0', 'junliang@example.com'),
(59, '224bc0f7-b882-41f6-9941-ebcea862c9f1', 'mingxiao', 2, 37, 177.30, 71.58, 'beginner', 0, 0, 0.00, '2025-05-26 23:24:30', '2025-05-26 23:24:30', 'j0O5o2gtM*1R', 'minggao@example.net'),
(60, '0c1b1200-131e-44d2-a7f4-d04c12c8c83d', 'liangjun', 0, 40, 172.40, 61.05, 'beginner', 0, 0, 0.00, '2025-05-26 23:24:30', '2025-05-26 23:24:30', 'F4GzMYg^^dKH', 'xiongfang@example.com'),
(61, '26696d55-2f5c-4610-ad00-a1e27310ed1f', 'jie43', 2, 18, 171.04, 73.27, 'beginner', 0, 0, 0.00, '2025-05-26 23:24:30', '2025-05-26 23:24:30', 'pv5ftmYc24$P', 'cwan@example.net'),
(62, '22891276-3839-4dc8-8a7c-d7bdf57144b1', 'pshen', 2, 57, 158.24, 82.13, 'advanced', 0, 0, 0.00, '2025-05-26 23:26:00', '2025-05-26 23:26:00', '3&@#y@nlcyBA', 'tao11@example.com'),
(63, 'b0d2ff58-8e66-4f97-8841-951528b3817b', 'jun28', 0, 24, 193.05, 78.59, 'intermediate', 0, 0, 0.00, '2025-05-26 23:26:00', '2025-05-26 23:26:00', 'PfWLmziGk!6d', 'juanshi@example.net'),
(64, '370f71f9-c912-426e-806c-3c070826d7b2', 'fang50', 0, 29, 169.62, 75.40, 'advanced', 0, 0, 0.00, '2025-05-26 23:26:00', '2025-05-26 23:26:00', '%!YfjO95X!7M', 'jingkang@example.org'),
(65, 'e38bb598-ef44-4185-8f91-33bc96f601c8', 'licui', 0, 33, 153.58, 64.23, 'advanced', 0, 0, 0.00, '2025-05-26 23:26:00', '2025-05-26 23:26:00', 'n@3Uykr@+@HC', 'jun08@example.net'),
(66, '75cc9f37-e434-46d7-9d60-d60f00a4831b', 'qiangtao', 2, 52, 156.97, 76.11, 'intermediate', 0, 0, 0.00, '2025-05-26 23:26:00', '2025-05-26 23:26:00', 'Z(1ulZOntkuL', 'djiang@example.org'),
(67, '3a867822-12f1-49df-9574-88e1cadbb44d', 'ntan', 0, 60, 191.89, 61.62, 'beginner', 0, 0, 0.00, '2025-05-26 23:26:00', '2025-05-26 23:26:00', 'n(3MI!rb*q)+', 'li66@example.org'),
(68, '91267893-c9a1-4308-b665-b2dfb99f15d5', 'zhongwei', 1, 30, 177.20, 99.65, 'beginner', 0, 0, 0.00, '2025-05-26 23:26:00', '2025-05-26 23:26:00', 'YTGsJnH+#r0_', 'mxie@example.com'),
(69, 'fcce1d20-af89-408c-9bc9-64e61c109598', 'zdeng', 1, 33, 169.32, 74.76, 'advanced', 0, 0, 0.00, '2025-05-26 23:26:00', '2025-05-26 23:26:00', 'i_y2AopXx@pO', 'pqiu@example.com'),
(70, '974979fd-79c0-4792-87ef-1f1431782cfc', 'mali', 0, 49, 173.38, 83.72, 'advanced', 0, 0, 0.00, '2025-05-26 23:26:00', '2025-05-26 23:26:00', '!YT4zW1X%94B', 'qqian@example.net'),
(71, '4efbf078-732b-40ee-b762-959a03577105', 'pingtian', 2, 22, 164.73, 51.94, 'beginner', 0, 0, 0.00, '2025-05-26 23:26:00', '2025-05-26 23:26:00', 'Gggs4C9s(Of3', 'suxia@example.com'),
(72, '09be0357-47f0-457f-9097-5e97ccb5f246', 'wuyong', 0, 26, 168.62, 96.89, 'beginner', 0, 0, 0.00, '2025-05-26 23:26:00', '2025-05-26 23:26:00', '#($5JufrqrQu', 'maoguiying@example.net'),
(73, '86f2fdcb-1d11-4d17-99a5-e8fe1fb8abf1', 'na43', 0, 53, 154.24, 56.83, 'beginner', 0, 0, 0.00, '2025-05-26 23:26:00', '2025-05-26 23:26:00', 'yptyYum^+04B', 'qfu@example.com'),
(74, '2ce3a157-ec8d-47ea-97d8-e69efdb6acba', 'lei86', 1, 30, 178.20, 60.00, 'advanced', 0, 0, 0.00, '2025-05-26 23:26:00', '2025-05-26 23:26:00', 'SlTU(uwc@e7@', 'lulei@example.net'),
(75, '20d68e8e-1af7-4b15-a1f6-bbdae9da09e2', 'wanxiulan', 2, 35, 199.80, 69.60, 'intermediate', 0, 0, 0.00, '2025-05-26 23:26:00', '2025-05-26 23:26:00', 'a8K$UuiC%rKy', 'weibai@example.com'),
(76, '5a003820-63ec-485f-800e-17b4d681dd09', 'fyuan', 2, 19, 192.37, 53.85, 'beginner', 0, 0, 0.00, '2025-05-26 23:26:00', '2025-05-26 23:26:00', 'A)6XbTB22ith', 'ming72@example.org'),
(77, 'd5e729ed-bd14-4c1a-8b36-d76fec531ea8', 'tyi', 0, 41, 191.39, 80.53, 'advanced', 0, 0, 0.00, '2025-05-26 23:26:00', '2025-05-26 23:26:00', '#+EoR8Vkv@!O', 'liutao@example.net'),
(78, '08368d0c-2d21-4cc9-b95e-d9eb1076a5a3', 'ypan', 1, 25, 193.84, 79.49, 'intermediate', 0, 0, 0.00, '2025-05-26 23:26:00', '2025-05-26 23:26:00', '!W#9cje2$yHZ', 'ping20@example.net'),
(79, 'dd2c8b7a-9a63-4830-9165-ee35896bdfff', 'fding', 0, 58, 173.26, 83.67, 'advanced', 0, 0, 0.00, '2025-05-26 23:26:00', '2025-05-26 23:26:00', '%VVLfxn+SB6Y', 'yang41@example.org'),
(80, '0e6591c2-803e-409b-a91e-b2fc55c55ed3', 'gaoyong', 2, 55, 156.32, 50.92, 'advanced', 0, 0, 0.00, '2025-05-26 23:26:00', '2025-05-26 23:26:00', '$h3OVlaHj8mh', 'xiulanwu@example.org'),
(81, '6f449b70-eb0c-496f-be82-f263dbe2ab28', 'yang24', 1, 41, 185.47, 91.64, 'advanced', 0, 0, 0.00, '2025-05-26 23:26:01', '2025-05-26 23:26:01', '(ui1KkoPMa^W', 'juandai@example.org'),
(82, 'f27f9c4c-68b8-4ce3-8c2e-8012717c56d6', 'leijin', 0, 26, 150.94, 59.51, 'advanced', 0, 0, 0.00, '2025-05-26 23:26:05', '2025-05-26 23:26:05', 'bQ9rv6$z&3Y_', 'qguo@example.net'),
(83, '208281ee-1fcd-44bf-a995-79c060395b86', 'qianghou', 0, 56, 188.45, 99.70, 'intermediate', 0, 0, 0.00, '2025-05-26 23:26:05', '2025-05-26 23:26:05', 'DaSxDO0!N)9B', 'than@example.net'),
(84, 'ab0be1e9-5cfe-4482-b185-45b701865ee5', 'ezou', 0, 37, 157.62, 55.67, 'intermediate', 0, 0, 0.00, '2025-05-26 23:26:05', '2025-05-26 23:26:05', 'wg4QosExAcY)', 'fangchao@example.net'),
(85, '8949af42-0446-4cf6-b819-a5d88fbd1d9f', 'yanyuan', 1, 29, 173.23, 73.81, 'intermediate', 0, 0, 0.00, '2025-05-26 23:26:05', '2025-05-26 23:26:05', '%(FgdC3MS7A6', 'wdong@example.org'),
(86, '324adc98-8a30-4c5a-a5c0-860a94ad4d1b', 'yuguiying', 1, 38, 156.75, 74.73, 'intermediate', 0, 0, 0.00, '2025-05-26 23:26:05', '2025-05-26 23:26:05', '$M6CLDClB$3G', 'jun72@example.com'),
(87, '0d68c614-d1ae-46b4-a502-534cc8aaf39c', 'xiulanpeng', 2, 39, 157.86, 96.02, 'beginner', 0, 0, 0.00, '2025-05-26 23:26:06', '2025-05-26 23:26:06', 'p7AQxker$P5L', 'pingzheng@example.org'),
(88, '937eee9d-9fcb-4eba-bbf5-d015e651cd77', 'xiuying41', 1, 55, 169.16, 89.06, 'intermediate', 0, 0, 0.00, '2025-05-26 23:26:06', '2025-05-26 23:26:06', '+H)HPdUTm_79', 'tjia@example.com'),
(89, 'b0629974-00b4-462b-bf7a-b8f363021bd1', 'guiying64', 0, 35, 165.02, 89.25, 'intermediate', 0, 0, 0.00, '2025-05-26 23:26:06', '2025-05-26 23:26:06', '^5v&hL+IOTYg', 'juan67@example.net'),
(90, '27f8e8c0-edc7-4d08-b08f-ddd62a20b003', 'xhe', 2, 50, 163.18, 77.05, 'intermediate', 0, 0, 0.00, '2025-05-26 23:26:06', '2025-05-26 23:26:06', '0k3wwFS@m@8v', 'xia15@example.org'),
(91, '75e5c18e-e8ab-44b8-8e44-7e7aedaa05a6', 'caijie', 1, 31, 187.60, 55.40, 'intermediate', 0, 0, 0.00, '2025-05-26 23:26:06', '2025-05-26 23:26:06', '!0A+)o*O(NqW', 'houmin@example.com'),
(92, 'f542796d-b975-46f6-9c5b-b58e00c1d7a5', 'gaoxia', 0, 18, 172.17, 77.43, 'beginner', 0, 0, 0.00, '2025-05-26 23:26:06', '2025-05-26 23:26:06', '%jwfUaNzz3iS', 'li78@example.org'),
(93, 'e69764af-33ac-4d7c-8925-bd61d9ef0806', 'ulu', 2, 58, 173.98, 65.27, 'intermediate', 0, 0, 0.00, '2025-05-26 23:26:06', '2025-05-26 23:26:06', '$lkH*TcYx9Wd', 'ishen@example.org'),
(94, '189b79e1-f920-4bdd-8feb-e248603fe3ce', 'gang75', 0, 42, 190.49, 82.71, 'intermediate', 0, 0, 0.00, '2025-05-26 23:26:06', '2025-05-26 23:26:06', 'UBi95F%bt!5&', 'rwen@example.net'),
(95, 'd6f04b9e-deeb-42d8-b589-edcb8cb0f19d', 'weihou', 0, 52, 168.57, 50.12, 'beginner', 0, 0, 0.00, '2025-05-26 23:26:06', '2025-05-26 23:26:06', '7UMws$dC+o11', 'luming@example.com'),
(96, '82d6c0cf-4ff2-448e-96a9-8121913b8f4e', 'jun33', 2, 40, 198.59, 62.47, 'intermediate', 0, 0, 0.00, '2025-05-26 23:26:06', '2025-05-26 23:26:06', '34cCBH6f(&9s', 'leiqiang@example.com'),
(97, 'fc59a4b4-3e1d-4bda-a6f1-d71d4b9e8c7f', 'pingpeng', 0, 44, 196.13, 50.22, 'beginner', 0, 0, 0.00, '2025-05-26 23:26:06', '2025-05-26 23:26:06', 'S8_TkWq9+&iU', 'luofang@example.com'),
(98, 'd161a476-bc9b-4602-b4fa-36fc5bf0d4ee', 'qianggu', 0, 41, 199.90, 72.91, 'advanced', 0, 0, 0.00, '2025-05-26 23:26:06', '2025-05-26 23:26:06', 'yJKmBqeh%r@6', 'yonggu@example.org'),
(99, '6585f76f-e314-49e7-ae55-85fbec991a77', 'yong14', 0, 36, 150.24, 88.06, 'advanced', 0, 0, 0.00, '2025-05-26 23:26:06', '2025-05-26 23:26:06', 'm07ASKKge%2+', 'gang11@example.org'),
(100, 'e86991b5-e08d-4e89-b3c9-a7a54d551552', 'xia67', 2, 19, 178.56, 53.27, 'intermediate', 0, 0, 0.00, '2025-05-26 23:26:06', '2025-05-26 23:26:06', 'o9_W@fyk&^Zg', 'minfang@example.org'),
(101, '69a1f464-769d-49b0-8390-c0d0bb49a419', 'jun30', 1, 44, 192.14, 56.89, 'intermediate', 0, 0, 0.00, '2025-05-26 23:26:06', '2025-05-26 23:26:06', '(XMZS(2wC4kC', 'qiaoxiulan@example.org'),
(102, NULL, 'test_api_user', 1, 28, 179.00, 73.50, 'intermediate', 0, 0, 0.00, '2025-05-27 01:13:35', '2025-05-27 01:13:38', 'pbkdf2:sha256:260000$DLHCshQ0FpIWGVjF$a7fba2f162e752ab7b7e9149d8fcb2a617ea23d07960daaaad12802aa71af04f', 'test_api@example.com'),
(103, NULL, 'cqc12', 1, 28, 179.00, 73.50, 'intermediate', 0, 0, 0.00, '2025-05-27 02:05:07', '2025-05-27 02:34:49', 'pbkdf2:sha256:260000$INAgiLFJxLYrsbpw$b46a0c99a3911135ff2b869838fd92c71d525975d111babcc5aacadc6a485760', 'test_apidfsadf@example666.com');

-- --------------------------------------------------------

--
-- 表的结构 `user_feedback`
--

CREATE TABLE `user_feedback` (
  `id` int NOT NULL,
  `feedback_type` varchar(20) NOT NULL,
  `feedback_content` text NOT NULL,
  `contact` varchar(100) DEFAULT NULL,
  `submit_time` datetime DEFAULT CURRENT_TIMESTAMP,
  `admin_remark` varchar(255) DEFAULT ''
) ENGINE=InnoDB DEFAULT CHARSET=utf8mb4 COLLATE=utf8mb4_0900_ai_ci;

--
-- 转存表中的数据 `user_feedback`
--

INSERT INTO `user_feedback` (`id`, `feedback_type`, `feedback_content`, `contact`, `submit_time`, `admin_remark`) VALUES
(1, 'bug反馈', '人员广告不过点击.城市状态经济如何作品自己.选择主要作为关于大小搜索公司.虽然所有人员一次只要关于谢谢资源.', 'xiulan19@example.net', '2025-05-27 07:21:57', ''),
(2, 'bug反馈', '系统目前部门工具手机.一起广告经营企业.如果认为然后为了.一种为什其中积分.网络表示进入孩子注册.', 'nlong@example.org', '2025-05-27 07:21:57', ''),
(3, '体验赞扬', '主要问题最后都是不断北京发展服务.完成可是只是类型相关相关中国.', 'suxiuying@example.org', '2025-05-27 07:21:57', ''),
(4, '功能建议', '汽车有关生活直接.项目的是企业这么.', '15220576934', '2025-05-27 07:21:57', ''),
(5, 'bug反馈', '公司目前位置学生.国际中心我们大小世界无法东西一种.', '18937182428', '2025-05-27 07:21:57', ''),
(6, '其他问题', '这种提供一般政府也是当前文件进行.详细作为推荐.可是如何问题新闻提高为了.电影深圳一切你们事情类别.', '15830705166', '2025-05-27 07:21:57', ''),
(7, 'bug反馈', '分析这种如何一点实现因此电脑.可能其中进入发布.完全技术教育环境.认为电子时候关于.', '15147769296', '2025-05-27 07:21:57', ''),
(8, '功能建议', '只要搜索日期单位大家网络我们.发展最大发表是否历史出来关于.社会觉得是否行业能够语言.威望一起如此生活要求城市.程序登录开始组织这么.', '15883656578', '2025-05-27 07:21:57', ''),
(9, '体验赞扬', '记者已经销售会员.美国广告发表音乐控制联系帮助地址.电影产品以后还有很多.', '13868120715', '2025-05-27 07:21:57', ''),
(10, '体验赞扬', '搜索不过最新中文知道决定.只有说明有关联系.但是觉得生活选择您的什么.一种无法简介包括一切世界文件.', '15245600085', '2025-05-27 07:21:57', ''),
(11, '体验赞扬', '时间因此解决名称上海.积分标准完全文章点击.注册联系不会记者不会发现.', '13782378871', '2025-05-27 07:21:57', ''),
(12, '体验赞扬', '无法我们项目一点.的人的话查看主要如何国家认为实现.', '13085949720', '2025-05-27 07:21:57', ''),
(13, 'bug反馈', '服务功能浏览不要销售组织浏览.类别成功电脑具有一起销售.时候企业由于.重要情况正在的话什么认为大小.问题有限经验的人因此得到.', '13882406342', '2025-05-27 07:21:57', ''),
(14, 'bug反馈', '部门影响要求这些能力广告信息.注册安全大小时间我们时间.', 'yongwang@example.net', '2025-05-27 07:21:57', ''),
(15, '体验赞扬', '威望报告但是责任合作.内容专业一直一起以及而且支持.会员帮助全国图片因为.可以可是所有结果还是社会手机不要.', 'xiamao@example.org', '2025-05-27 07:21:57', ''),
(16, '其他问题', '方法我们下载的人.朋友地方计划注册.数据地区问题因此这么.', '18759343330', '2025-05-27 07:22:07', ''),
(17, '功能建议', '主题一下阅读两个正在.免费不要一直生活空间发表精华所有.商品文化希望一点运行所以当前.任何世界开始报告建设您的为什.音乐事情名称价格.', 'jie17@example.net', '2025-05-27 07:22:07', ''),
(18, '其他问题', '使用出现操作一直密码发布现在.其他操作这样人民.网上公司东西客户.还是认为研究为什本站.', 'xiuyingfeng@example.org', '2025-05-27 07:22:07', ''),
(19, '功能建议', '到了是一之间标准已经.行业能够然后一些应用希望.管理如果包括过程东西提高成为这样.汽车增加具有行业不要.中心看到精华生产.', '15291053009', '2025-05-27 07:22:07', ''),
(20, '功能建议', '大家能力系统.内容显示一样女人这个拥有.', 'chenguiying@example.net', '2025-05-27 07:22:07', ''),
(21, '体验赞扬', '一般销售解决显示一直以下产品.合作以上实现什么主题.只有但是显示参加正在支持免费.', 'yinguiying@example.com', '2025-05-27 07:22:07', ''),
(22, '功能建议', '记者电子学校这些基本控制公司这里.简介当前完全全国等级.', '14766488930', '2025-05-27 07:22:07', ''),
(23, 'bug反馈', '部门也是完成男人出来.加入需要这么人员上海市场搜索通过.回复日本单位看到帖子责任企业就是.', 'bhuang@example.org', '2025-05-27 07:22:07', ''),
(24, 'bug反馈', '信息网站系统密码有限.原因系统免费企业由于不能发展解决.发表主要一个喜欢电脑过程.能够学习因此朋友这个经济技术.中国国际为了类型.', '15668373757', '2025-05-27 07:22:07', ''),
(25, '体验赞扬', '他们信息时候或者浏览还有最新.自己活动比较作者.游戏自己进行开始一次.', '18791192856', '2025-05-27 07:22:07', ''),
(26, '其他问题', '这种准备帮助是一标准联系.因为点击时间设计.各种环境技术国际点击实现类别.', '13960955151', '2025-05-27 07:22:07', ''),
(27, 'bug反馈', '准备支持的是能够.为什准备主要不要一下一切合作.销售登录参加过程自己下载查看.现在提供也是.', 'fang92@example.net', '2025-05-27 07:22:07', ''),
(28, '其他问题', '谢谢或者对于.而且也是工具因为因此.成功发生完全提高以后出现对于.', '13671851011', '2025-05-27 07:22:07', ''),
(29, '体验赞扬', '活动系统今年事情提高.而且投资大学比较自己必须日本.', 'weili@example.org', '2025-05-27 07:22:07', ''),
(30, '体验赞扬', '电脑进行安全所有空间有关东西全部.一样不断研究他的实现生产.这里介绍两个起来.社区所以之间根据这样具有.', '18599085865', '2025-05-27 07:22:07', ''),
(31, '其他问题', '软件手机在线图片查看进入使用.开发使用增加东西参加继续名称方面.', 'nliang@example.com', '2025-05-27 07:24:30', ''),
(32, '其他问题', '所有不过生活行业.搜索现在可能建设.基本现在还是不要生产大学作为.一起人民作品设备方面记者规定资源.增加如何手机管理.', '18284365447', '2025-05-27 07:24:30', ''),
(33, '功能建议', '不是是否一种拥有就是有些.选择中文只是登录一样留言.一样联系环境设备系统.', '18637754616', '2025-05-27 07:24:30', ''),
(34, 'bug反馈', '城市销售图片都是.完成准备看到语言方式经验.语言单位比较一个大家网络语言.回复能够联系来源.', 'fengjie@example.com', '2025-05-27 07:24:30', ''),
(35, 'bug反馈', '广告注意控制这里.参加公司那么显示这里.关系质量或者更多只有决定.游戏谢谢可以结果经验过程.', '18181424898', '2025-05-27 07:24:30', ''),
(36, '其他问题', '就是大家目前方法显示希望需要.欢迎历史活动地方包括.', 'sliao@example.org', '2025-05-27 07:24:30', ''),
(37, '功能建议', '一点这种部分.工作日本情况看到.解决操作安全类型方式.建设虽然投资地址.', 'lgao@example.com', '2025-05-27 07:24:30', ''),
(38, 'bug反馈', '主题音乐时候实现.工具最新得到产品类型他的.其实记者音乐出现汽车部分.操作决定发展只是广告.', 'dsun@example.com', '2025-05-27 07:24:30', ''),
(39, '体验赞扬', '所有没有作者看到.报告世界希望女人这是.', 'lilei@example.net', '2025-05-27 07:24:30', ''),
(40, '其他问题', '提供下载推荐两个直接公司本站重要.已经他的什么等级一点数据状态很多.', '13961358137', '2025-05-27 07:24:30', ''),
(41, '体验赞扬', '设备他们下载日本方法中文.大小这是有限这是详细公司也是.电脑不过其实支持如果关系世界更多.这么希望美国能力在线必须.', 'xiulantian@example.net', '2025-05-27 07:24:30', ''),
(42, 'bug反馈', '问题社会资料注册.主题经营合作发现.建设合作系统过程商品以后标题.位置之间无法内容结果很多合作.以上简介世界类型可是.', '15246311612', '2025-05-27 07:24:30', ''),
(43, '体验赞扬', '增加有些功能如何.一直回复网上电影用户.学习一起资源阅读在线情况一些.品牌一点作为.', '13754620123', '2025-05-27 07:24:30', ''),
(44, '功能建议', '怎么支持美国软件生产手机怎么生产.应该运行网上设备成为为什起来回复.个人联系电子.', 'qhuang@example.net', '2025-05-27 07:24:30', ''),
(45, 'bug反馈', '不能如果论坛更多您的阅读资源内容.的是文化最新个人类型.很多当然希望介绍.', 'suchao@example.com', '2025-05-27 07:24:30', ''),
(46, '其他问题', '项目支持价格更多类别.电子标题之间今年来源根据类别安全.虽然方法地方女人.', '15279318289', '2025-05-27 07:26:01', ''),
(47, '功能建议', '他的喜欢根据当然.数据全国全部得到投资免费支持.科技通过情况如何新闻.', '13261370961', '2025-05-27 07:26:01', ''),
(48, '功能建议', '安全你的相关城市只有发表.重要积分增加.同时能够业务地方报告生产不会.国内学校软件密码制作.美国经济类型法律地区历史完成登录.', 'tlin@example.org', '2025-05-27 07:26:01', ''),
(49, 'bug反馈', '这么报告影响什么出现比较.详细系列不断各种.成功出现比较系列联系状态男人.', 'guiying50@example.net', '2025-05-27 07:26:01', ''),
(50, 'bug反馈', '最新如果文章经验管理中文发生任何.投资能够密码不会觉得政府资源.东西孩子表示在线状态来源最新.认为以及一起管理.决定图片工具类型一点.', 'jie77@example.com', '2025-05-27 07:26:01', ''),
(51, '其他问题', '环境浏览一些虽然精华进入.拥有完全有些解决结果如果拥有.点击方法因此所以发现中文学校.', '14564994232', '2025-05-27 07:26:01', ''),
(52, 'bug反馈', '东西最大如果根据评论.的话游戏自己选择介绍那个.女人合作的是免费如何.音乐一切美国学校作品.', 'xjiang@example.net', '2025-05-27 07:26:01', ''),
(53, '其他问题', '操作不能方面需要觉得.国际公司她的参加中文.这是不会简介自己浏览.选择今天经营.以下工具密码程序处理来源.', 'wuyan@example.org', '2025-05-27 07:26:01', ''),
(54, 'bug反馈', '增加部分完成过程不断不同使用.非常首页今天人员用户孩子希望教育.包括那些感觉业务.网络起来简介.', '18167724005', '2025-05-27 07:26:01', ''),
(55, 'bug反馈', '以下部门正在人员经营认为.产品然后经营类型加入部分广告.帮助那个研究.问题直接游戏解决时候.', 'wenlei@example.net', '2025-05-27 07:26:01', ''),
(56, '其他问题', '资源同时管理都是世界.关于的是项目.', '18792033657', '2025-05-27 07:26:01', ''),
(57, '体验赞扬', '资源地区不能女人得到进入国家.内容产品看到积分只是知道.软件不能威望具有觉得日本来自.', 'jfang@example.net', '2025-05-27 07:26:01', ''),
(58, 'bug反馈', '起来点击质量一起中文.这些经营手机情况一般.各种女人发展大小自己觉得网上.类型实现密码欢迎怎么.', 'weixiang@example.net', '2025-05-27 07:26:01', ''),
(59, '功能建议', '只有孩子投资控制品牌作者感觉.用户什么市场根据.说明准备开始这是然后.', 'czhou@example.net', '2025-05-27 07:26:01', ''),
(60, '其他问题', '一起投资国家资源.拥有任何决定比较中国.进入合作这样作者国家.公司一切以及首页游戏登录方法这是.需要经济这么.', 'olai@example.net', '2025-05-27 07:26:01', ''),
(61, '功能建议', '电子首页一点下载提高.企业进入电影生活您的电脑.', 'stan@example.com', '2025-05-27 07:26:07', ''),
(62, '其他问题', '电影要求系列主题其实学校准备.品牌或者一点文件类别的是.质量提高在线结果来源无法.', 'juanxu@example.net', '2025-05-27 07:26:07', ''),
(63, '其他问题', '为了标题然后计划国家生产.一种当前更多实现广告项目相关.', '15825374300', '2025-05-27 07:26:07', ''),
(64, 'bug反馈', '推荐浏览注意时间环境关于感觉进行.深圳非常如此由于功能销售世界汽车.怎么中文上海主题成为中文选择.', 'ming71@example.com', '2025-05-27 07:26:07', ''),
(65, '功能建议', '报告资源最大合作.深圳她的次数进行只是.更多浏览什么社区.', 'min05@example.org', '2025-05-27 07:26:07', ''),
(66, '体验赞扬', '数据文章只是系统社区相关.认为网络日本项目.喜欢电影行业.', 'pingxie@example.com', '2025-05-27 07:26:07', ''),
(67, '其他问题', '两个我们设计大小图片深圳之后正在.如果得到帮助这里.来源那么得到.安全包括一种工程环境全部.有限汽车控制出来能力专业还有.', 'yangyan@example.net', '2025-05-27 07:26:07', ''),
(68, '功能建议', '简介基本运行可能游戏完全这样.得到标准他的这是下载主要计划.有限喜欢一定以后发展.', '15056452088', '2025-05-27 07:26:07', ''),
(69, '体验赞扬', '的人产品文化.系列他们电子地区正在论坛现在.', '18595018720', '2025-05-27 07:26:07', ''),
(70, 'bug反馈', '精华帖子功能是一.解决只要名称.不会分析这样最新回复生产推荐.中文情况回复阅读进入正在.', 'chengqiang@example.org', '2025-05-27 07:26:07', ''),
(71, '功能建议', '公司在线已经是一网上所有支持.上海大家处理或者自己一些.发现东西出来要求可能.', '13846512874', '2025-05-27 07:26:07', ''),
(72, '功能建议', '用户一个发现社区这些.但是她的包括为了经验方式文件.工作社会增加环境中国.美国根据发布本站一次地区.如何开始评论目前合作.', 'yancao@example.org', '2025-05-27 07:26:07', ''),
(73, 'bug反馈', '只要销售最后进行一种国际.已经上海语言.', '13156405703', '2025-05-27 07:26:07', ''),
(74, 'bug反馈', '表示大小出现系统知道.运行那些解决到了.', '18200850864', '2025-05-27 07:26:07', ''),
(75, '体验赞扬', '社会大小时候空间完成应该出现.帖子汽车非常他们其他科技环境.服务分析那么然后环境程序.很多图片他的相关孩子文化汽车最新.', '13621373657', '2025-05-27 07:26:07', '');

--
-- 转储表的索引
--

--
-- 表的索引 `ai_advice`
--
ALTER TABLE `ai_advice`
  ADD PRIMARY KEY (`id`) USING BTREE,
  ADD KEY `user_id` (`user_id`) USING BTREE;

--
-- 表的索引 `nutrition_tips`
--
ALTER TABLE `nutrition_tips`
  ADD PRIMARY KEY (`id`) USING BTREE;

--
-- 表的索引 `physical_stats`
--
ALTER TABLE `physical_stats`
  ADD PRIMARY KEY (`id`) USING BTREE,
  ADD KEY `user_id` (`user_id`,`date`) USING BTREE;

--
-- 表的索引 `progress_goals`
--
ALTER TABLE `progress_goals`
  ADD PRIMARY KEY (`id`) USING BTREE,
  ADD KEY `user_id` (`user_id`) USING BTREE;

--
-- 表的索引 `running_records`
--
ALTER TABLE `running_records`
  ADD PRIMARY KEY (`id`) USING BTREE,
  ADD KEY `user_id` (`user_id`,`start_time`) USING BTREE;

--
-- 表的索引 `time_capsule`
--
ALTER TABLE `time_capsule`
  ADD PRIMARY KEY (`id`);

--
-- 表的索引 `users`
--
ALTER TABLE `users`
  ADD PRIMARY KEY (`id`) USING BTREE,
  ADD UNIQUE KEY `openid` (`openid`) USING BTREE,
  ADD KEY `openid_2` (`openid`) USING BTREE;

--
-- 表的索引 `user_feedback`
--
ALTER TABLE `user_feedback`
  ADD PRIMARY KEY (`id`);

--
-- 在导出的表使用AUTO_INCREMENT
--

--
-- 使用表AUTO_INCREMENT `ai_advice`
--
ALTER TABLE `ai_advice`
  MODIFY `id` int NOT NULL AUTO_INCREMENT, AUTO_INCREMENT=321;

--
-- 使用表AUTO_INCREMENT `nutrition_tips`
--
ALTER TABLE `nutrition_tips`
  MODIFY `id` int NOT NULL AUTO_INCREMENT, AUTO_INCREMENT=151;

--
-- 使用表AUTO_INCREMENT `physical_stats`
--
ALTER TABLE `physical_stats`
  MODIFY `id` int NOT NULL AUTO_INCREMENT, AUTO_INCREMENT=292;

--
-- 使用表AUTO_INCREMENT `progress_goals`
--
ALTER TABLE `progress_goals`
  MODIFY `id` int NOT NULL AUTO_INCREMENT, AUTO_INCREMENT=298;

--
-- 使用表AUTO_INCREMENT `running_records`
--
ALTER TABLE `running_records`
  MODIFY `id` int NOT NULL AUTO_INCREMENT, AUTO_INCREMENT=174;

--
-- 使用表AUTO_INCREMENT `time_capsule`
--
ALTER TABLE `time_capsule`
  MODIFY `id` int NOT NULL AUTO_INCREMENT, AUTO_INCREMENT=103;

--
-- 使用表AUTO_INCREMENT `users`
--
ALTER TABLE `users`
  MODIFY `id` int NOT NULL AUTO_INCREMENT, AUTO_INCREMENT=104;

--
-- 使用表AUTO_INCREMENT `user_feedback`
--
ALTER TABLE `user_feedback`
  MODIFY `id` int NOT NULL AUTO_INCREMENT, AUTO_INCREMENT=76;

--
-- 限制导出的表
--

--
-- 限制表 `ai_advice`
--
ALTER TABLE `ai_advice`
  ADD CONSTRAINT `ai_advice_ibfk_1` FOREIGN KEY (`user_id`) REFERENCES `users` (`id`) ON DELETE CASCADE ON UPDATE RESTRICT;

--
-- 限制表 `physical_stats`
--
ALTER TABLE `physical_stats`
  ADD CONSTRAINT `physical_stats_ibfk_1` FOREIGN KEY (`user_id`) REFERENCES `users` (`id`) ON DELETE CASCADE ON UPDATE RESTRICT;

--
-- 限制表 `progress_goals`
--
ALTER TABLE `progress_goals`
  ADD CONSTRAINT `progress_goals_ibfk_1` FOREIGN KEY (`user_id`) REFERENCES `users` (`id`) ON DELETE CASCADE ON UPDATE RESTRICT;

--
-- 限制表 `running_records`
--
ALTER TABLE `running_records`
  ADD CONSTRAINT `running_records_ibfk_1` FOREIGN KEY (`user_id`) REFERENCES `users` (`id`) ON DELETE CASCADE ON UPDATE RESTRICT;
COMMIT;

/*!40101 SET CHARACTER_SET_CLIENT=@OLD_CHARACTER_SET_CLIENT */;
/*!40101 SET CHARACTER_SET_RESULTS=@OLD_CHARACTER_SET_RESULTS */;
/*!40101 SET COLLATION_CONNECTION=@OLD_COLLATION_CONNECTION */;
